{"name": "Borane", "target_directory": "Animation_files_BH3", "xyz": ["xyz_files", "BH3.xyz"], "point_group": "D3h", "mirror_options": {"vertices": 32, "radius": 1.45}, "rotation_axis_options":{"depth":3},"resolution_x": 512, "resolution_y": 512, "samples": 60, "camera_matrix": [[0.9791, -0.1347, 0.1524, 1.5395], [0.2034, 0.6483, -0.7337, -7.4122], [0.0, 0.7493, 0.6622, 6.6898], [0.0, 0.0, 0.0, 1.0]], "angles": [6.283185307179586, 2.0943951023931953, 3.141592653589793, 6.283185307179586, 2.0943951023931953, 6.283185307179586], "normals": [[], [[0.0, 0.0, 1.0], [0, 0, -1.0]], [[1.0, -0.000105, -0.000849], [0.500092, 0.865971, 0.001099], [-0.499908, 0.866077, 0.001707]], [[0.0, 0.0, -1.0]], [[0.0, 0.0, 1.0], [0.0, 0.0, -1.0]], [[-0.866077, -0.49991, 2e-06], [0.000107, 1.0, 0.001479], [-0.865972, 0.500091, 0.001483]]], "SALCS": {"A'1": {"2s": [0.0, 4.0, 4.0, 4.0], "x": [0.0, 0.999636, -1.999628, 0.999999], "y": [0.0, 3.000358, -0.000366, -2.999995], "z": [0.0, 6e-06, -5e-06, -3e-06]}, "A'2": {"2s": [0.0, 0.0, 0.0, 0.0], "x": [0.0, 3.000364, -0.00037, -2.999998], "y": [0.0, 0.999642, -1.999629, 0.999996], "z": [0.0, -6e-06, -1e-06, 3e-06]}, "E'+": {"2s": [0.0, 2.0, 2.0, -4.0], "x": [0.0, 5.0, 4.999999, 1.999999], "y": [0.0, 5.0, 4.999997, 1.999997], "z": [0.0, 0.0, 3e-06, 3e-06]}, "E'-": {"2s": [0.0, 6.0, -6.0, 0.0], "x": [0.0, 3.0, -3.000001, 1e-06], "y": [0.0, 3.0, -3.000003, 2e-06], "z": [0.0, 0.0, 3e-06, -3e-06]}, "A''2": {"2s": [0.0, 0.0, 0.0, 0.0], "x": [0.0, 5e-06, 3e-06, 1e-06], "y": [0.0, 1e-06, 1e-05, 4e-06], "z": [0.0, 3.999994, 3.999988, 3.999994]}, "E''+": {"2s": [0.0, 0.0, 0.0, 0.0], "x": [0.0, 0.0, -1e-06, -1e-06], "y": [0.0, 0.0, -4e-06, -4e-06], "z": [0.0, 2.0, 2.000006, -3.999994]}, "E''-": {"2s": [0.0, 0.0, 0.0, 0.0], "x": [0.0, 0.0, -1e-06, 1e-06], "y": [0.0, 0.0, -4e-06, 4e-06], "z": [0.0, 6.0, -5.999994, -6e-06]}}, "focal_length": 110}
