{"name": "Diethyl\\ ether", "target_directory": "Animation_files_diethyl_ether", "xyz": ["xyz_files", "diethyl_ether.xyz"], "point_group": "C2v", "mirror_options": {"vertices": 32}, "resolution_x": 512, "resolution_y": 512, "samples": 60, "camera_matrix": [[0.8957, -0.1608, 0.4145, 3.828], [0.4446, 0.3239, -0.8351, -7.7121], [0.0, 0.9323, 0.3616, 3.3394], [0.0, 0.0, 0.0, 1.0]], "angles": [6.283185307179586, 3.141592653589793, 6.283185307179586, 6.283185307179586], "normals": [[], [[0.0, 0.0, 1.0]], [[0, 1, 0]], [[1, 0, 0]]], "SALCS": {}, "focal_length": 75, "rotation_axis_options": {}}