{"name": "Ammonia", "target_directory": "Animation_files_ammonia", "xyz": ["xyz_files", "ammonia.xyz"], "point_group": "C3v", "mirror_options": {"vertices": 32, "radius": 1.35}, "resolution_x": 512, "resolution_y": 512, "samples": 60, "focal_length": 95, "camera_matrix": [[0.9943, 0.0432, -0.0977, -0.8067], [-0.1069, 0.4022, -0.9092, -7.5048], [-0.0, 0.9145, 0.4045, 3.3393], [0.0, 0.0, 0.0, 1.0]], "angles": [6.283185307179586, 2.0943951023931953, 6.283185307179586], "normals": [[], [[0.0, 0.0, 1.0], [0.0, 0.0, -1.0]], [[-0.866025, -0.500001, -2e-06], [-1e-06, 1.0, 0.0], [-0.866023, 0.500004, 1e-06]]], "SALCS": {"A1": {"2s": [0.0, 2.0, 2.0, 2.0], "x": [0.0, 2.0, -0.999998, -0.999992], "y": [0.0, 0.0, -2e-06, -8e-06], "z": [0.0, 2.0, 2.0, 2.0]}, "A2": {"2s": [0.0, 0.0, 0.0, 0.0], "x": [0.0, 0.0, -2e-06, -8e-06], "y": [0.0, 2.0, -0.999998, -0.999992], "z": [0.0, 0.0, 0.0, 0.0]}, "E+": {"2s": [0.0, 1.0, 1.0, -2.0], "x": [0.0, 2.5, 2.5, 1.0], "y": [0.0, 2.5, 2.5, 1.0], "z": [0.0, 1.0, 1.0, -2.0]}, "E-": {"2s": [0.0, 3.0, -3.0, 0.0], "x": [0.0, 1.5, -1.5, 0.0], "y": [0.0, 1.5, -1.5, 0.0], "z": [0.0, 3.0, -3.0, 0.0]}}, "rotation_axis_options": {}}