{"name": "Cyclopentadienyl\\ anion", "target_directory": "Animation_files_cyclopentadienyl_anion", "xyz": ["xyz_files", "cyclopentadienyl_anion.xyz"], "point_group": "D5h", "mirror_options": {"vertices": 32, "radius": 2.65}, "resolution_x": 512, "resolution_y": 512, "samples": 60, "camera_matrix": [[0.8554, -0.2816, 0.4348, 10.4819], [0.518, 0.465, -0.7179, -17.3076], [-0.0, 0.8393, 0.5437, 13.1348], [0.0, 0.0, 0.0, 1.0]], "angles": [6.283185307179586, 1.2566370614359172, 2.5132741228718345, 3.141592653589793, 6.283185307179586, 1.2566370614359172, 3.7699111843077517, 6.283185307179586], "normals": [[], [[0.0, 0.0, 1.0], [0.0, 0.0, -1.0]], [[0.0, 0.0, 1.0], [0.0, 0.0, -1.0]], [[-1.0, -0.0, 1e-06], [-0.809018, -0.587785, 1e-06], [0.309019, -0.951056, 2e-06], [0.809017, -0.587785, 2e-06], [0.309016, 0.951057, 4e-06]], [[0.0, 0.0, -1.0]], [[0.0, 0.0, 1.0], [0.0, 0.0, -1.0]], [[0.0, 0.0, 1.0], [0.0, 0.0, -1.0]], [[-0.951054, -0.309024, 2e-06], [-0.587781, -0.80902, 2e-06], [0.951056, -0.309018, 2e-06], [-1e-06, 1.0, 0.0], [-0.587785, 0.809017, 1e-06]]], "SALCS": {"A'1": {"2s": [4.0, 4.0, 4.0, 4.0, 4.0, 0.0, 0.0, 0.0, 0.0, 0.0], "x": [4.0, 1.236071, -3.236068, -3.236057, 1.236079, 0.0, 0.0, 0.0, 0.0, 0.0], "y": [0.0, -1e-06, -0.0, -1.2e-05, -1e-05, 0.0, 0.0, 0.0, 0.0, 0.0], "z": [0.0, 0.0, 0.0, 0.0, 0.0, 0.0, 0.0, 0.0, 0.0, 0.0]}, "A'2": {"2s": [0.0, 0.0, 0.0, 0.0, 0.0, 0.0, 0.0, 0.0, 0.0, 0.0], "x": [0.0, -2e-06, -0.0, -1.1e-05, -1e-05, 0.0, 0.0, 0.0, 0.0, 0.0], "y": [4.0, 1.23607, -3.236069, -3.236057, 1.236079, 0.0, 0.0, 0.0, 0.0, 0.0], "z": [0.0, 0.0, 0.0, 0.0, 0.0, 0.0, 0.0, 0.0, 0.0, 0.0]}, "E'1+": {"2s": [5.236068, -2.0, -6.472136, -2.0, 5.236068, 0.0, 0.0, 0.0, 0.0, 0.0], "x": [4.381966, 3.000001, 5.236069, 3.000001, 4.381966, 0.0, 0.0, 0.0, 0.0, 0.0], "y": [4.381966, 3.000001, 5.236069, 3.000001, 4.381966, 0.0, 0.0, 0.0, 0.0, 0.0], "z": [0.0, 0.0, 0.0, 0.0, 0.0, 0.0, 0.0, 0.0, 0.0, 0.0]}, "E'1-": {"2s": [2.763932, 4.472136, 0.0, -4.472136, -2.763932, 0.0, 0.0, 0.0, 0.0, 0.0], "x": [3.618034, -2.236068, 0.0, 2.236068, -3.618034, 0.0, 0.0, 0.0, 0.0, 0.0], "y": [3.618034, -2.236068, 0.0, 2.236068, -3.618034, 0.0, 0.0, 0.0, 0.0, 0.0], "z": [0.0, 0.0, 0.0, 0.0, 0.0, 0.0, 0.0, 0.0, 0.0, 0.0]}, "E'2+": {"2s": [0.763932, -2.0, 2.472136, -2.0, 0.763932, 0.0, 0.0, 0.0, 0.0, 0.0], "x": [2.999999, -2.000001, -2.0, -2.000001, 2.999999, 0.0, 0.0, 0.0, 0.0, 0.0], "y": [2.999999, -2.000001, -2.0, -2.000001, 2.999999, 0.0, 0.0, 0.0, 0.0, 0.0], "z": [0.0, 0.0, 0.0, 0.0, 0.0, 0.0, 0.0, 0.0, 0.0, 0.0]}, "E'2-": {"2s": [7.236068, -4.472136, 0.0, 4.472136, -7.236068, 0.0, 0.0, 0.0, 0.0, 0.0], "x": [5.000001, -0.0, 0.0, 0.0, -5.000001, 0.0, 0.0, 0.0, 0.0, 0.0], "y": [5.000001, -0.0, 0.0, 0.0, -5.000001, 0.0, 0.0, 0.0, 0.0, 0.0], "z": [0.0, 0.0, 0.0, 0.0, 0.0, 0.0, 0.0, 0.0, 0.0, 0.0]}, "A''2": {"2s": [0.0, 0.0, 0.0, 0.0, 0.0, 0.0, 0.0, 0.0, 0.0, 0.0], "x": [0.0, -1e-06, 3e-06, 6e-06, 9e-06, 0.0, 0.0, 0.0, 0.0, 0.0], "y": [0.0, 1e-06, -3e-06, -6e-06, -9e-06, 0.0, 0.0, 0.0, 0.0, 0.0], "z": [4.0, 4.0, 4.0, 4.0, 4.0, 0.0, 0.0, 0.0, 0.0, 0.0]}, "E''1+": {"2s": [0.0, 0.0, 0.0, 0.0, 0.0, 0.0, 0.0, 0.0, 0.0, 0.0], "x": [0.0, 0.0, 0.0, 0.0, 0.0, 0.0, 0.0, 0.0, 0.0, 0.0], "y": [0.0, 0.0, 0.0, 0.0, 0.0, 0.0, 0.0, 0.0, 0.0, 0.0], "z": [5.236068, -2.0, -6.472136, -2.0, 5.236068, 0.0, 0.0, 0.0, 0.0, 0.0]}, "E''1-": {"2s": [0.0, 0.0, 0.0, 0.0, 0.0, 0.0, 0.0, 0.0, 0.0, 0.0], "x": [0.0, 0.0, 0.0, 0.0, 0.0, 0.0, 0.0, 0.0, 0.0, 0.0], "y": [0.0, 0.0, 0.0, 0.0, 0.0, 0.0, 0.0, 0.0, 0.0, 0.0], "z": [2.763932, 4.472136, 0.0, -4.472136, -2.763932, 0.0, 0.0, 0.0, 0.0, 0.0]}, "E''2+": {"2s": [0.0, 0.0, 0.0, 0.0, 0.0, 0.0, 0.0, 0.0, 0.0, 0.0], "x": [0.0, 0.0, 0.0, 0.0, 0.0, 0.0, 0.0, 0.0, 0.0, 0.0], "y": [0.0, 0.0, 0.0, 0.0, 0.0, 0.0, 0.0, 0.0, 0.0, 0.0], "z": [0.763932, -2.0, 2.472136, -2.0, 0.763932, 0.0, 0.0, 0.0, 0.0, 0.0]}, "E''2-": {"2s": [0.0, 0.0, 0.0, 0.0, 0.0, 0.0, 0.0, 0.0, 0.0, 0.0], "x": [0.0, 0.0, 0.0, 0.0, 0.0, 0.0, 0.0, 0.0, 0.0, 0.0], "y": [0.0, 0.0, 0.0, 0.0, 0.0, 0.0, 0.0, 0.0, 0.0, 0.0], "z": [7.236068, -4.472136, 0.0, 4.472136, -7.236068, 0.0, 0.0, 0.0, 0.0, 0.0]}}, "focal_length": 150.0, "rotation_axis_options": {}}