{"name": "Prismane", "target_directory": "Animation_files_prismane", "xyz": ["xyz_files", "prismane.xyz"], "point_group": "D3h", "mirror_options": {"vertices": 32}, "rotation_axis_options": {"depth": 3}, "resolution_x": 512, "resolution_y": 512, "samples": 60, "camera_matrix": [[0.9875, -0.0918, 0.1282, 2.2517], [0.1576, 0.5748, -0.803, -14.1559], [0.0, 0.8131, 0.5821, 10.2352], [0.0, 0.0, 0.0, 1.0]], "angles": [6.283185307179586, 2.0943951023931953, 3.141592653589793, 6.283185307179586, 2.0943951023931953, 6.283185307179586], "normals": [[], [[0.0, 0.0, 1.0], [0, 0, -1.0]], [[1.0, -0.000105, -0.000849], [0.500092, 0.865971, 0.001099], [-0.499908, 0.866077, 0.001707]], [[0.0, 0.0, -1.0]], [[0.0, 0.0, 1.0], [0.0, 0.0, -1.0]], [[-0.866077, -0.49991, 2e-06], [0.000107, 1.0, 0.001479], [-0.865972, 0.500091, 0.001483]]], "SALCS": {"A'1": {"2s": [2.0, 2.0, 2.0, 2.0, 2.0, 2.0, 0.0, 0.0, 0.0, 0.0, 0.0, 0.0], "x": [-0.999814, 0.5, 0.49982, -0.999815, 0.499999, 0.499816, 0.0, 0.0, 0.0, 0.0, 0.0, 0.0], "y": [-0.000182, -1.499996, 1.50018, -0.000187, -1.5, 1.500178, 0.0, 0.0, 0.0, 0.0, 0.0, 0.0], "z": [1.999996, 1.999996, 2.0, -1.999998, -1.999999, -1.999994, 0.0, 0.0, 0.0, 0.0, 0.0, 0.0]}, "A'2": {"2s": [0.0, 0.0, 0.0, 0.0, 0.0, 0.0, 0.0, 0.0, 0.0, 0.0, 0.0, 0.0], "x": [-0.000186, -1.5, 1.50018, -0.000184, -1.499998, 1.500184, 0.0, 0.0, 0.0, 0.0, 0.0, 0.0], "y": [-0.999818, 0.499996, 0.49982, -0.999813, 0.5, 0.499822, 0.0, 0.0, 0.0, 0.0, 0.0, 0.0], "z": [4e-06, 4e-06, 0.0, -2e-06, -1e-06, -6e-06, 0.0, 0.0, 0.0, 0.0, 0.0, 0.0]}, "E'+": {"2s": [1.0, -2.0, 1.0, 1.0, -2.0, 1.0, 0.0, 0.0, 0.0, 0.0, 0.0, 0.0], "x": [2.5, 1.0, 2.5, 2.5, 1.0, 2.5, 0.0, 0.0, 0.0, 0.0, 0.0, 0.0], "y": [2.5, 1.0, 2.5, 2.5, 1.0, 2.5, 0.0, 0.0, 0.0, 0.0, 0.0, 0.0], "z": [1.0, -2.0, 1.0, -1.0, 2.0, -1.0, 0.0, 0.0, 0.0, 0.0, 0.0, 0.0]}, "E'-": {"2s": [-3.0, 0.0, 3.0, -3.0, 0.0, 3.0, 0.0, 0.0, 0.0, 0.0, 0.0, 0.0], "x": [-1.5, 0.0, 1.5, -1.5, 0.0, 1.5, 0.0, 0.0, 0.0, 0.0, 0.0, 0.0], "y": [-1.5, 0.0, 1.5, -1.5, 0.0, 1.5, 0.0, 0.0, 0.0, 0.0, 0.0, 0.0], "z": [-3.0, 0.0, 3.0, 3.0, 0.0, -3.0, 0.0, 0.0, 0.0, 0.0, 0.0, 0.0]}, "A''1": {"2s": [0.0, 0.0, 0.0, 0.0, 0.0, 0.0, 0.0, 0.0, 0.0, 0.0, 0.0, 0.0], "x": [-0.000186, -1.5, 1.50018, 0.000184, 1.499998, -1.500184, 0.0, 0.0, 0.0, 0.0, 0.0, 0.0], "y": [-0.999818, 0.499996, 0.49982, 0.999813, -0.5, -0.499822, 0.0, 0.0, 0.0, 0.0, 0.0, 0.0], "z": [4e-06, 4e-06, 0.0, 2e-06, 1e-06, 6e-06, 0.0, 0.0, 0.0, 0.0, 0.0, 0.0]}, "A''2": {"2s": [2.0, 2.0, 2.0, -2.0, -2.0, -2.0, 0.0, 0.0, 0.0, 0.0, 0.0, 0.0], "x": [-0.999814, 0.5, 0.49982, 0.999815, -0.499999, -0.499816, 0.0, 0.0, 0.0, 0.0, 0.0, 0.0], "y": [-0.000182, -1.499996, 1.50018, 0.000187, 1.5, -1.500178, 0.0, 0.0, 0.0, 0.0, 0.0, 0.0], "z": [1.999996, 1.999996, 2.0, 1.999998, 1.999999, 1.999994, 0.0, 0.0, 0.0, 0.0, 0.0, 0.0]}, "E''+": {"2s": [1.0, -2.0, 1.0, -1.0, 2.0, -1.0, 0.0, 0.0, 0.0, 0.0, 0.0, 0.0], "x": [2.5, 1.0, 2.5, -2.5, -1.0, -2.5, 0.0, 0.0, 0.0, 0.0, 0.0, 0.0], "y": [2.5, 1.0, 2.5, -2.5, -1.0, -2.5, 0.0, 0.0, 0.0, 0.0, 0.0, 0.0], "z": [1.0, -2.0, 1.0, 1.0, -2.0, 1.0, 0.0, 0.0, 0.0, 0.0, 0.0, 0.0]}, "E''-": {"2s": [-3.0, 0.0, 3.0, 3.0, 0.0, -3.0, 0.0, 0.0, 0.0, 0.0, 0.0, 0.0], "x": [-1.5, 0.0, 1.5, 1.5, 0.0, -1.5, 0.0, 0.0, 0.0, 0.0, 0.0, 0.0], "y": [-1.5, 0.0, 1.5, 1.5, 0.0, -1.5, 0.0, 0.0, 0.0, 0.0, 0.0, 0.0], "z": [-3.0, 0.0, 3.0, -3.0, 0.0, 3.0, 0.0, 0.0, 0.0, 0.0, 0.0, 0.0]}}, "focal_length": 110.0}