{"name": "Methane", "target_directory": "Animation_files_methane", "xyz": ["xyz_files", "methane.xyz"], "point_group": "Td", "mirror_options": {"vertices": 32, "radius": 1.45}, "rotation_axis_options": {"depth":3.2}, "resolution_x": 512, "resolution_y": 512, "samples": 60, "camera_matrix": [[0.9674, -0.086, 0.2381, 1.2271], [0.2532, 0.3287, -0.9098, -4.6891], [0.0, 0.9405, 0.3398, 1.7513], [0.0, 0.0, 0.0, 1.0]], "angles": [6.283185307179586, 2.0943951023931953, 3.141592653589793, 1.5707963267948966, 6.283185307179586], "normals": [[], [[-0.577349, -0.577349, 0.577353], [0.57735, 0.577348, -0.577353], [0.577351, -0.577349, 0.577351], [-0.577348, 0.577351, -0.577352], [0.577352, 0.577351, 0.577347], [-0.577353, -0.577348, -0.57735], [-0.577353, 0.577351, 0.577346], [0.577352, -0.57735, -0.577349]], [[-1e-06, 0.0, 1.0], [-1.0, -3e-06, 3e-06], [-3e-06, 1.0, 3e-06]], [[0.0, 0.0, 1.0], [1e-06, 0.0, -1.0], [-1.0, -1e-06, 1e-06], [1.0, 0.0, -3e-06], [-4e-06, -1.0, 2e-06], [-0.0, 1.0, -2e-06]], [[-0.0, -0.707108, 0.707105], [0.707108, 0.0, 0.707106], [2e-06, 0.707107, 0.707106], [-0.707108, 0.0, 0.707106], [-0.70711, -0.707104, 1e-06], [-0.707109, 0.707105, -1e-06]]], "SALCS": {"A1": {"2s": [6.0, 0.0, 6.0, 6.0, 6.0], "x": [2.0, 0.0, -2.000004, -2.0, 1.999996], "y": [1.999999, 0.0, -1.999994, 2.0, -2.000004], "z": [2.000001, 0.0, 1.999999, -1.999999, -1.999991]}, "E+": {"2s": [0.0, 0.0, 0.0, 0.0, 0.0], "x": [-1.1e-05, 0.0, -4.000008, 1e-06, 3.999996], "y": [4.000002, 0.0, -3.999995, 3e-06, 5e-06], "z": [7e-06, 0.0, 4.000002, -4.000006, -2e-06]}, "E-": {"2s": [0.0, 0.0, 0.0, 0.0, 0.0], "x": [3.999995, 0.0, 0.0, -4.000007, 1.3e-05], "y": [2e-06, 0.0, 0.0, 3.999998, -3.999999], "z": [4.000004, 0.0, 0.0, 1e-05, -4.000013]}, "T112": {"2s": [0.0, 0.0, 0.0, 0.0, 0.0], "x": [0.707108, 0.0, 3e-06, 1e-06, -0.707105], "y": [0.707107, 0.0, -3e-06, -0.707107, 1e-06], "z": [0.707106, 0.0, -0.707108, -1e-06, -0.0]}, "T113": {"2s": [0.0, 0.0, 0.0, 0.0, 0.0], "x": [0.40825, 0.0, 5e-06, -0.816494, 0.408251], "y": [-0.408249, 0.0, -5e-06, -0.408248, 0.816497], "z": [-0.408249, 0.0, -0.408249, 0.0, 0.816496]}, "T123": {"2s": [0.0, 0.0, 0.0, 0.0, 0.0], "x": [0.359031, 0.0, 0.783121, 0.359042, 0.359036], "y": [0.014032, 0.0, -0.999705, 0.014036, 0.014028], "z": [-0.288675, 0.0, -0.288675, 0.866025, -0.288676]}, "T212": {"2s": [0.866025, 0.0, -0.288675, -0.288675, -0.288675], "x": [0.816497, 0.0, 0.408248, 0.408249, -0.0], "y": [0.816496, 0.0, 0.40825, -0.0, 0.408248], "z": [0.816497, 0.0, -0.0, 0.408248, 0.408248]}, "T213": {"2s": [0.0, 0.0, -0.408248, -0.408248, 0.816497], "x": [1e-06, 0.0, 0.235702, -0.235702, 0.942809], "y": [-0.471405, 0.0, 0.235703, 0.471404, 0.707107], "z": [-0.492365, 0.0, -0.0, 0.123091, 0.861641]}, "T223": {"2s": [0.0, 0.0, -0.707107, 0.707107, -0.0], "x": [-0.5, 0.0, 0.166666, 0.833333, 0.166667], "y": [0.166666, 0.0, 0.166667, 0.833333, -0.5], "z": [-0.301512, 0.0, -0.0, 0.904534, -0.301511]}}, "focal_length": 50}