{"xyz": ["xyz_files", "sulfurchloridepentafluoride.xyz"], "normals": [[], [[0, 0, 1], [0, 0, -1]], [[0, 0, 1]], [[1, 0, 0], [0, 1, 0]], [[0.7071, 0.7071, 0.0], [-0.7071, 0.7071, 0.0]]], "angles": [6.283185307179586, 1.5707963267948966, 3.141592653589793, 6.283185307179586, 6.283185307179586], "point_group": "C4v", "mirror_options": {"vertices": 32}, "camera_matrix": [[0.9354, -0.1581, 0.3167, 2.8759], [0.354, 0.4178, -0.8368, -7.601], [-0.0, 0.8946, 0.4467, 4.4773], [0.0, 0.0, 0.0, 1.0]], "target_directory": "Animation_files_sulfurchloridepentafluoride", "resolution_x": 512, "resolution_y": 512, "samples": 60, "more_options": {"options": "options"}, "SALCS": {}, "name": "Sulfur\\ chloride\\ pentafluoride", "focal_length": 55.0, "rotation_axis_options": {"depth": 5.7}}