{"name": "Pentaprismane", "target_directory": "Animation_files_pentaprismane", "xyz": ["xyz_files", "pentaprismane.xyz"], "point_group": "D5h", "mirror_options": {"vertices": 32}, "resolution_x": 512, "resolution_y": 512, "samples": 60, "camera_matrix": [[0.8554, -0.2816, 0.4348, 12.5212], [0.518, 0.465, -0.7179, -20.6749], [-0.0, 0.8393, 0.5437, 15.6848], [0.0, 0.0, 0.0, 1.0]], "angles": [6.283185307179586, 1.2566370614359172, 2.5132741228718345, 3.141592653589793, 6.283185307179586, 1.2566370614359172, 3.7699111843077517, 6.283185307179586], "normals": [[], [[0.0, 0.0, 1.0], [0.0, 0.0, -1.0]], [[0.0, 0.0, 1.0], [0.0, 0.0, -1.0]], [[-1.0, -0.0, 1e-06], [-0.809018, -0.587785, 1e-06], [0.309019, -0.951056, 2e-06], [0.809017, -0.587785, 2e-06], [0.309016, 0.951057, 4e-06]], [[0.0, 0.0, -1.0]], [[0.0, 0.0, 1.0], [0.0, 0.0, -1.0]], [[0.0, 0.0, 1.0], [0.0, 0.0, -1.0]], [[-0.951054, -0.309024, 2e-06], [-0.587781, -0.80902, 2e-06], [0.951056, -0.309018, 2e-06], [-1e-06, 1.0, 0.0], [-0.587785, 0.809017, 1e-06]]], "SALCS": {"A'1": {"2s": [2.0, 2.0, 2.0, 2.0, 2.0, 2.0, 2.0, 2.0, 2.0, 2.0, 0.0, 0.0, 0.0, 0.0, 0.0, 0.0, 0.0, 0.0, 0.0, 0.0], "x": [-1.618026, -0.499999, 1.309017, 1.309017, -0.49999, -1.618032, -0.500001, 1.309019, 1.309017, -0.5, 0.0, 0.0, 0.0, 0.0, 0.0, 0.0, 0.0, 0.0, 0.0, 0.0], "y": [-9e-06, 1.118033, 0.690983, -0.690983, -1.118044, -3e-06, 1.118036, 0.690982, -0.690983, -1.118035, 0.0, 0.0, 0.0, 0.0, 0.0, 0.0, 0.0, 0.0, 0.0, 0.0], "z": [2.0, 2.0, 2.0, 2.0, 2.0, -2.0, -2.0, -2.0, -2.0, -2.0, 0.0, 0.0, 0.0, 0.0, 0.0, 0.0, 0.0, 0.0, 0.0, 0.0]}, "A'2": {"2s": [0.0, 0.0, 0.0, 0.0, 0.0, 0.0, 0.0, 0.0, 0.0, 0.0, 0.0, 0.0, 0.0, 0.0, 0.0, 0.0, 0.0, 0.0, 0.0, 0.0], "x": [-9e-06, 1.118033, 0.690983, -0.690983, -1.118044, -3e-06, 1.118035, 0.690981, -0.690983, -1.118035, 0.0, 0.0, 0.0, 0.0, 0.0, 0.0, 0.0, 0.0, 0.0, 0.0], "y": [-1.618025, -0.499999, 1.309017, 1.309017, -0.49999, -1.618032, -0.500001, 1.309018, 1.309017, -0.5, 0.0, 0.0, 0.0, 0.0, 0.0, 0.0, 0.0, 0.0, 0.0, 0.0], "z": [0.0, 0.0, 0.0, 0.0, 0.0, 0.0, 0.0, 0.0, 0.0, 0.0, 0.0, 0.0, 0.0, 0.0, 0.0, 0.0, 0.0, 0.0, 0.0, 0.0]}, "E'1+": {"2s": [-3.236068, -1.0, 2.618034, 2.618034, -1.0, -3.236068, -1.0, 2.618034, 2.618034, -1.0, 0.0, 0.0, 0.0, 0.0, 0.0, 0.0, 0.0, 0.0, 0.0, 0.0], "x": [2.618035, 1.5, 2.190983, 2.190983, 1.5, 2.618035, 1.5, 2.190983, 2.190983, 1.5, 0.0, 0.0, 0.0, 0.0, 0.0, 0.0, 0.0, 0.0, 0.0, 0.0], "y": [2.618035, 1.5, 2.190983, 2.190983, 1.5, 2.618035, 1.5, 2.190983, 2.190983, 1.5, 0.0, 0.0, 0.0, 0.0, 0.0, 0.0, 0.0, 0.0, 0.0, 0.0], "z": [-3.236068, -1.0, 2.618034, 2.618034, -1.0, 3.236068, 1.0, -2.618034, -2.618034, 1.0, 0.0, 0.0, 0.0, 0.0, 0.0, 0.0, 0.0, 0.0, 0.0, 0.0]}, "E'1-": {"2s": [0.0, 2.236068, 1.381966, -1.381966, -2.236068, 0.0, 2.236068, 1.381966, -1.381966, -2.236068, 0.0, 0.0, 0.0, 0.0, 0.0, 0.0, 0.0, 0.0, 0.0, 0.0], "x": [0.0, -1.118034, 1.809017, -1.809017, 1.118034, 0.0, -1.118034, 1.809017, -1.809017, 1.118034, 0.0, 0.0, 0.0, 0.0, 0.0, 0.0, 0.0, 0.0, 0.0, 0.0], "y": [0.0, -1.118034, 1.809017, -1.809017, 1.118034, 0.0, -1.118034, 1.809017, -1.809017, 1.118034, 0.0, 0.0, 0.0, 0.0, 0.0, 0.0, 0.0, 0.0, 0.0, 0.0], "z": [0.0, 2.236068, 1.381966, -1.381966, -2.236068, 0.0, -2.236068, -1.381966, 1.381966, 2.236068, 0.0, 0.0, 0.0, 0.0, 0.0, 0.0, 0.0, 0.0, 0.0, 0.0]}, "E'2+": {"2s": [1.236068, -1.0, 0.381966, 0.381966, -1.0, 1.236068, -1.0, 0.381966, 0.381966, -1.0, 0.0, 0.0, 0.0, 0.0, 0.0, 0.0, 0.0, 0.0, 0.0, 0.0], "x": [-1.0, -1.0, 1.5, 1.5, -1.0, -1.0, -1.0, 1.5, 1.5, -1.0, 0.0, 0.0, 0.0, 0.0, 0.0, 0.0, 0.0, 0.0, 0.0, 0.0], "y": [-1.0, -1.0, 1.5, 1.5, -1.0, -1.0, -1.0, 1.5, 1.5, -1.0, 0.0, 0.0, 0.0, 0.0, 0.0, 0.0, 0.0, 0.0, 0.0, 0.0], "z": [1.236068, -1.0, 0.381966, 0.381966, -1.0, -1.236068, 1.0, -0.381966, -0.381966, 1.0, 0.0, 0.0, 0.0, 0.0, 0.0, 0.0, 0.0, 0.0, 0.0, 0.0]}, "E'2-": {"2s": [0.0, -2.236068, 3.618034, -3.618034, 2.236068, 0.0, -2.236068, 3.618034, -3.618034, 2.236068, 0.0, 0.0, 0.0, 0.0, 0.0, 0.0, 0.0, 0.0, 0.0, 0.0], "x": [0.0, -0.0, 2.5, -2.5, 0.0, 0.0, -0.0, 2.5, -2.5, 0.0, 0.0, 0.0, 0.0, 0.0, 0.0, 0.0, 0.0, 0.0, 0.0, 0.0], "y": [0.0, -0.0, 2.5, -2.5, 0.0, 0.0, -0.0, 2.5, -2.5, 0.0, 0.0, 0.0, 0.0, 0.0, 0.0, 0.0, 0.0, 0.0, 0.0, 0.0], "z": [0.0, -2.236068, 3.618034, -3.618034, 2.236068, 0.0, 2.236068, -3.618034, 3.618034, -2.236068, 0.0, 0.0, 0.0, 0.0, 0.0, 0.0, 0.0, 0.0, 0.0, 0.0]}, "A''1": {"2s": [0.0, 0.0, 0.0, 0.0, 0.0, 0.0, 0.0, 0.0, 0.0, 0.0, 0.0, 0.0, 0.0, 0.0, 0.0, 0.0, 0.0, 0.0, 0.0, 0.0], "x": [-9e-06, 1.118033, 0.690983, -0.690983, -1.118044, 3e-06, -1.118035, -0.690981, 0.690983, 1.118035, 0.0, 0.0, 0.0, 0.0, 0.0, 0.0, 0.0, 0.0, 0.0, 0.0], "y": [-1.618025, -0.499999, 1.309017, 1.309017, -0.49999, 1.618032, 0.500001, -1.309018, -1.309017, 0.5, 0.0, 0.0, 0.0, 0.0, 0.0, 0.0, 0.0, 0.0, 0.0, 0.0], "z": [0.0, 0.0, 0.0, 0.0, 0.0, 0.0, 0.0, 0.0, 0.0, 0.0, 0.0, 0.0, 0.0, 0.0, 0.0, 0.0, 0.0, 0.0, 0.0, 0.0]}, "A''2": {"2s": [2.0, 2.0, 2.0, 2.0, 2.0, -2.0, -2.0, -2.0, -2.0, -2.0, 0.0, 0.0, 0.0, 0.0, 0.0, 0.0, 0.0, 0.0, 0.0, 0.0], "x": [-1.618026, -0.499999, 1.309017, 1.309017, -0.49999, 1.618032, 0.500001, -1.309019, -1.309017, 0.5, 0.0, 0.0, 0.0, 0.0, 0.0, 0.0, 0.0, 0.0, 0.0, 0.0], "y": [-9e-06, 1.118033, 0.690983, -0.690983, -1.118044, 3e-06, -1.118036, -0.690982, 0.690983, 1.118035, 0.0, 0.0, 0.0, 0.0, 0.0, 0.0, 0.0, 0.0, 0.0, 0.0], "z": [2.0, 2.0, 2.0, 2.0, 2.0, 2.0, 2.0, 2.0, 2.0, 2.0, 0.0, 0.0, 0.0, 0.0, 0.0, 0.0, 0.0, 0.0, 0.0, 0.0]}, "E''1+": {"2s": [-3.236068, -1.0, 2.618034, 2.618034, -1.0, 3.236068, 1.0, -2.618034, -2.618034, 1.0, 0.0, 0.0, 0.0, 0.0, 0.0, 0.0, 0.0, 0.0, 0.0, 0.0], "x": [2.618035, 1.5, 2.190983, 2.190983, 1.5, -2.618035, -1.5, -2.190983, -2.190983, -1.5, 0.0, 0.0, 0.0, 0.0, 0.0, 0.0, 0.0, 0.0, 0.0, 0.0], "y": [2.618035, 1.5, 2.190983, 2.190983, 1.5, -2.618035, -1.5, -2.190983, -2.190983, -1.5, 0.0, 0.0, 0.0, 0.0, 0.0, 0.0, 0.0, 0.0, 0.0, 0.0], "z": [-3.236068, -1.0, 2.618034, 2.618034, -1.0, -3.236068, -1.0, 2.618034, 2.618034, -1.0, 0.0, 0.0, 0.0, 0.0, 0.0, 0.0, 0.0, 0.0, 0.0, 0.0]}, "E''1-": {"2s": [0.0, 2.236068, 1.381966, -1.381966, -2.236068, 0.0, -2.236068, -1.381966, 1.381966, 2.236068, 0.0, 0.0, 0.0, 0.0, 0.0, 0.0, 0.0, 0.0, 0.0, 0.0], "x": [0.0, -1.118034, 1.809017, -1.809017, 1.118034, 0.0, 1.118034, -1.809017, 1.809017, -1.118034, 0.0, 0.0, 0.0, 0.0, 0.0, 0.0, 0.0, 0.0, 0.0, 0.0], "y": [0.0, -1.118034, 1.809017, -1.809017, 1.118034, 0.0, 1.118034, -1.809017, 1.809017, -1.118034, 0.0, 0.0, 0.0, 0.0, 0.0, 0.0, 0.0, 0.0, 0.0, 0.0], "z": [0.0, 2.236068, 1.381966, -1.381966, -2.236068, 0.0, 2.236068, 1.381966, -1.381966, -2.236068, 0.0, 0.0, 0.0, 0.0, 0.0, 0.0, 0.0, 0.0, 0.0, 0.0]}, "E''2+": {"2s": [1.236068, -1.0, 0.381966, 0.381966, -1.0, -1.236068, 1.0, -0.381966, -0.381966, 1.0, 0.0, 0.0, 0.0, 0.0, 0.0, 0.0, 0.0, 0.0, 0.0, 0.0], "x": [-1.0, -1.0, 1.5, 1.5, -1.0, 1.0, 1.0, -1.5, -1.5, 1.0, 0.0, 0.0, 0.0, 0.0, 0.0, 0.0, 0.0, 0.0, 0.0, 0.0], "y": [-1.0, -1.0, 1.5, 1.5, -1.0, 1.0, 1.0, -1.5, -1.5, 1.0, 0.0, 0.0, 0.0, 0.0, 0.0, 0.0, 0.0, 0.0, 0.0, 0.0], "z": [1.236068, -1.0, 0.381966, 0.381966, -1.0, 1.236068, -1.0, 0.381966, 0.381966, -1.0, 0.0, 0.0, 0.0, 0.0, 0.0, 0.0, 0.0, 0.0, 0.0, 0.0]}, "E''2-": {"2s": [0.0, -2.236068, 3.618034, -3.618034, 2.236068, 0.0, 2.236068, -3.618034, 3.618034, -2.236068, 0.0, 0.0, 0.0, 0.0, 0.0, 0.0, 0.0, 0.0, 0.0, 0.0], "x": [0.0, -0.0, 2.5, -2.5, 0.0, 0.0, 0.0, -2.5, 2.5, -0.0, 0.0, 0.0, 0.0, 0.0, 0.0, 0.0, 0.0, 0.0, 0.0, 0.0], "y": [0.0, -0.0, 2.5, -2.5, 0.0, 0.0, 0.0, -2.5, 2.5, -0.0, 0.0, 0.0, 0.0, 0.0, 0.0, 0.0, 0.0, 0.0, 0.0, 0.0], "z": [0.0, -2.236068, 3.618034, -3.618034, 2.236068, 0.0, -2.236068, 3.618034, -3.618034, 2.236068, 0.0, 0.0, 0.0, 0.0, 0.0, 0.0, 0.0, 0.0, 0.0, 0.0]}}, "focal_length": 150.0, "rotation_axis_options": {}}