{"name": "Cyclopropane", "target_directory": "Animation_files_cyclopropane", "xyz": ["xyz_files", "cyclopropane.xyz"], "point_group": "D3h", "mirror_options": {"vertices": 32}, "rotation_axis_options": {"depth": 3}, "resolution_x": 512, "resolution_y": 512, "samples": 60, "camera_matrix": [[0.9791, -0.1215, 0.1632, 2.3739], [0.2034, 0.5846, -0.7854, -11.4285], [-0.0, 0.8021, 0.5972, 8.693], [0.0, 0.0, 0.0, 1.0]], "angles": [6.283185307179586, 2.0943951023931953, 3.141592653589793, 6.283185307179586, 2.0943951023931953, 6.283185307179586], "normals": [[], [[0.0, 0.0, 1.0], [0, 0, -1.0]], [[1.0, -0.000105, -0.000849], [0.500092, 0.865971, 0.001099], [-0.499908, 0.866077, 0.001707]], [[0.0, 0.0, -1.0]], [[0.0, 0.0, 1.0], [0.0, 0.0, -1.0]], [[-0.866077, -0.49991, 2e-06], [0.000107, 1.0, 0.001479], [-0.865972, 0.500091, 0.001483]]], "SALCS": {"A'1": {"2s": [4.0, 4.0, 4.0, 0.0, 0.0, 0.0, 0.0, 0.0, 0.0], "x": [-2.000363, 0.999999, 1.000371, 0.0, 0.0, 0.0, 0.0, 0.0, 0.0], "y": [0.000358, -2.999995, 2.999631, 0.0, 0.0, 0.0, 0.0, 0.0, 0.0], "z": [6e-06, -3e-06, -2e-06, 0.0, 0.0, 0.0, 0.0, 0.0, 0.0]}, "A'2": {"2s": [0.0, 0.0, 0.0, 0.0, 0.0, 0.0, 0.0, 0.0, 0.0], "x": [0.000364, -2.999998, 2.999629, 0.0, 0.0, 0.0, 0.0, 0.0, 0.0], "y": [-2.000358, 0.999996, 1.000369, 0.0, 0.0, 0.0, 0.0, 0.0, 0.0], "z": [-6e-06, 3e-06, 2e-06, 0.0, 0.0, 0.0, 0.0, 0.0, 0.0]}, "E'+": {"2s": [-4.0, 2.0, 2.0, 0.0, 0.0, 0.0, 0.0, 0.0, 0.0], "x": [1.999999, 5.0, 5.0, 0.0, 0.0, 0.0, 0.0, 0.0, 0.0], "y": [1.999999, 5.0, 5.0, 0.0, 0.0, 0.0, 0.0, 0.0, 0.0], "z": [0.0, 0.0, 0.0, 0.0, 0.0, 0.0, 0.0, 0.0, 0.0]}, "E'-": {"2s": [0.0, -6.0, 6.0, 0.0, 0.0, 0.0, 0.0, 0.0, 0.0], "x": [0.0, -3.0, 3.0, 0.0, 0.0, 0.0, 0.0, 0.0, 0.0], "y": [0.0, -3.0, 3.0, 0.0, 0.0, 0.0, 0.0, 0.0, 0.0], "z": [0.0, 0.0, 0.0, 0.0, 0.0, 0.0, 0.0, 0.0, 0.0]}, "A''1": {"2s": [0.0, 0.0, 0.0, 0.0, 0.0, 0.0, 0.0, 0.0, 0.0], "x": [-5e-06, -1e-06, -2e-06, 0.0, 0.0, 0.0, 0.0, 0.0, 0.0], "y": [-1e-06, -4e-06, -5e-06, 0.0, 0.0, 0.0, 0.0, 0.0, 0.0], "z": [6e-06, 6e-06, 7e-06, 0.0, 0.0, 0.0, 0.0, 0.0, 0.0]}, "A''2": {"2s": [0.0, 0.0, 0.0, 0.0, 0.0, 0.0, 0.0, 0.0, 0.0], "x": [5e-06, 1e-06, 2e-06, 0.0, 0.0, 0.0, 0.0, 0.0, 0.0], "y": [1e-06, 4e-06, 5e-06, 0.0, 0.0, 0.0, 0.0, 0.0, 0.0], "z": [3.999994, 3.999994, 3.999993, 0.0, 0.0, 0.0, 0.0, 0.0, 0.0]}, "E''+": {"2s": [0.0, 0.0, 0.0, 0.0, 0.0, 0.0, 0.0, 0.0, 0.0], "x": [0.0, 0.0, 0.0, 0.0, 0.0, 0.0, 0.0, 0.0, 0.0], "y": [0.0, 0.0, 0.0, 0.0, 0.0, 0.0, 0.0, 0.0, 0.0], "z": [-4.0, 2.0, 2.0, 0.0, 0.0, 0.0, 0.0, 0.0, 0.0]}, "E''-": {"2s": [0.0, 0.0, 0.0, 0.0, 0.0, 0.0, 0.0, 0.0, 0.0], "x": [0.0, 0.0, 0.0, 0.0, 0.0, 0.0, 0.0, 0.0, 0.0], "y": [0.0, 0.0, 0.0, 0.0, 0.0, 0.0, 0.0, 0.0, 0.0], "z": [0.0, -6.0, 6.0, 0.0, 0.0, 0.0, 0.0, 0.0, 0.0]}}, "focal_length": 110.0}