{"name": "Tungsten\\ hexacarbonyl", "target_directory": "Animation_files_tungsten_carbonyl", "xyz": ["xyz_files", "tungsten_carbonyl.xyz"], "point_group": "Oh", "mirror_options": {"vertices": 32}, "resolution_x": 512, "resolution_y": 512, "samples": 60, "camera_matrix": [[0.5045, 0.3881, -0.7713, -9.188], [-0.8635, 0.2268, -0.4506, -5.2956], [0.0, 0.8934, 0.4494, 5.3756], [0.0, 0.0, 0.0, 1.0]], "angles": [6.283185307179586, 2.0943951023931953, 3.141592653589793, 1.5707963267948966, 3.141592653589793, 6.283185307179586, 1.5707963267948966, 1.0471975511965976, 6.283185307179586, 6.283185307179586], "normals": [[], [[-0.57735, -0.57735, 0.577351], [0.57735, 0.57735, -0.57735], [0.57735, -0.57735, 0.57735], [-0.57735, 0.57735, -0.57735], [0.57735, 0.57735, 0.57735], [-0.57735, -0.57735, -0.57735], [-0.577349, 0.577351, 0.577351], [0.577351, -0.57735, -0.57735]], [[-0.707106, -1e-06, 0.707108], [0.0, -0.707107, 0.707107], [0.707106, 0.0, 0.707107], [-0.0, 0.707107, 0.707107], [0.707106, -0.707107, 0.0], [0.707107, 0.707107, -0.0]], [[0.0, 0.0, 1.0], [0.0, 0.0, -1.0], [-0.0, -1.0, -0.0], [-0.0, 1.0, 0.0], [1.0, 0.0, 0.0], [-1.0, 0.0, 0.0]], [[-0.0, 1.0, 0.0], [-1.0, 0.0, 0.0], [0.0, 0.0, -1.0]], [], [[0.0, 0.0, 1.0], [0.0, 0.0, -1.0], [-0.0, -1.0, -0.0], [-0.0, 1.0, 0.0], [1.0, 0.0, 0.0], [-1.0, 0.0, 0.0]], [[-0.57735, -0.57735, 0.577351], [0.57735, 0.57735, -0.57735], [0.57735, -0.57735, 0.57735], [-0.57735, 0.57735, -0.57735], [0.57735, 0.57735, 0.57735], [-0.57735, -0.57735, -0.57735], [-0.57735, 0.57735, 0.577351], [0.577351, -0.57735, -0.57735]], [[-0.0, 1.0, 0.0], [-1.0, 0.0, 0.0], [0.0, 0.0, -1.0]], [[-0.707106, -1e-06, 0.707108], [0.0, -0.707107, 0.707107], [0.707106, 0.0, 0.707107], [-0.0, 0.707107, 0.707107], [0.707106, -0.707107, 0.0], [0.707107, 0.707107, -0.0]]], "SALCS": {"A1g": {"2s": [0.0, 8.0, 8.0, 8.0, 8.0, 8.0, 8.0, 0.0, 0.0, 0.0, 0.0, 0.0, 0.0], "x": [0.0, 1e-06, -2e-06, -1e-06, -1e-06, 3e-06, -0.0, 0.0, 0.0, 0.0, 0.0, 0.0, 0.0], "y": [0.0, -1e-06, 2e-06, 2e-06, 1e-06, 1e-06, -1e-06, 0.0, 0.0, 0.0, 0.0, 0.0, 0.0], "z": [0.0, 8.0, 0.0, -8.0, 1e-06, -2e-06, 3e-06, 0.0, 0.0, 0.0, 0.0, 0.0, 0.0]}, "Eg+": {"2s": [0.0, 4.0, 4.0, 4.0, 4.0, -8.0, -8.0, 0.0, 0.0, 0.0, 0.0, 0.0, 0.0], "x": [0.0, -1e-06, 2e-06, -1e-06, 1e-06, 1e-06, -0.0, 0.0, 0.0, 0.0, 0.0, 0.0, 0.0], "y": [0.0, 1e-06, -2e-06, -1e-06, -1e-06, -3e-06, -0.0, 0.0, 0.0, 0.0, 0.0, 0.0, 0.0], "z": [0.0, 7.999999, -8.0, -7.999999, 7.999999, 0.0, -2e-06, 0.0, 0.0, 0.0, 0.0, 0.0, 0.0]}, "Eg-": {"2s": [0.0, 12.0, -12.0, 12.0, -12.0, 0.0, 0.0, 0.0, 0.0, 0.0, 0.0, 0.0, 0.0], "x": [0.0, 1e-06, 2e-06, 1e-06, 1e-06, -2e-06, -2e-06, 0.0, 0.0, 0.0, 0.0, 0.0, 0.0], "y": [0.0, -1e-06, -2e-06, 1e-06, -1e-06, 1e-06, 2e-06, 0.0, 0.0, 0.0, 0.0, 0.0, 0.0], "z": [0.0, 8.000001, 8.0, -8.000001, -8.000001, 1e-06, 0.0, 0.0, 0.0, 0.0, 0.0, 0.0, 0.0]}, "T1g12": {"2s": [0.0, 0.0, 0.0, 0.0, 0.0, 0.0, 0.0, 0.0, 0.0, 0.0, 0.0, 0.0, 0.0], "x": [0.0, 0.707107, 0.0, -0.707107, 0.0, -0.0, 0.0, 0.0, 0.0, 0.0, 0.0, 0.0, 0.0], "y": [0.0, 0.707107, 0.0, -0.707107, 0.0, 0.0, 0.0, 0.0, 0.0, 0.0, 0.0, 0.0, 0.0], "z": [0.0, 0.0, 0.074207, 0.0, 0.074207, 0.71865, -0.687407, 0.0, 0.0, 0.0, 0.0, 0.0, 0.0]}, "T1g13": {"2s": [0.0, 0.0, 0.0, 0.0, 0.0, 0.0, 0.0, 0.0, 0.0, 0.0, 0.0, 0.0, 0.0], "x": [0.0, 0.0, -0.707107, 0.0, 0.707107, 0.0, -0.0, 0.0, 0.0, 0.0, 0.0, 0.0, 0.0], "y": [0.0, -0.0, -0.707107, 0.0, 0.707107, 0.0, 0.0, 0.0, 0.0, 0.0, 0.0, 0.0, 0.0], "z": [0.0, -0.687409, -0.000172, 0.718652, -0.000172, 0.072541, 0.075801, 0.0, 0.0, 0.0, 0.0, 0.0, 0.0]}, "T1g23": {"2s": [0.0, 0.0, 0.0, 0.0, 0.0, 0.0, 0.0, 0.0, 0.0, 0.0, 0.0, 0.0, 0.0], "x": [0.0, -0.0, 0.0, 0.0, 0.0, -0.707107, 0.707107, 0.0, 0.0, 0.0, 0.0, 0.0, 0.0], "y": [0.0, 0.0, 0.0, 0.0, -0.0, -0.707107, 0.707107, 0.0, 0.0, 0.0, 0.0, 0.0, 0.0], "z": [0.0, 0.075798, 0.718482, 0.072545, -0.687582, -0.001834, 0.001418, 0.0, 0.0, 0.0, 0.0, 0.0, 0.0]}, "T2g12": {"2s": [0.0, 0.0, 0.0, 0.0, 0.0, 0.0, 0.0, 0.0, 0.0, 0.0, 0.0, 0.0, 0.0], "x": [0.0, 0.707107, 0.0, -0.707107, 0.0, 0.0, -0.0, 0.0, 0.0, 0.0, 0.0, 0.0, 0.0], "y": [0.0, 0.707107, -0.0, -0.707107, -0.0, 0.0, 0.0, 0.0, 0.0, 0.0, 0.0, 0.0, 0.0], "z": [0.0, 0.0, -0.074207, 0.0, -0.074207, -0.71865, 0.687407, 0.0, 0.0, 0.0, 0.0, 0.0, 0.0]}, "T2g13": {"2s": [0.0, 0.0, 0.0, 0.0, 0.0, 0.0, 0.0, 0.0, 0.0, 0.0, 0.0, 0.0, 0.0], "x": [0.0, -0.0, -0.707107, -0.0, 0.707107, 0.0, -0.0, 0.0, 0.0, 0.0, 0.0, 0.0, 0.0], "y": [0.0, -0.0, -0.707107, 0.0, 0.707107, -0.0, -0.0, 0.0, 0.0, 0.0, 0.0, 0.0, 0.0], "z": [0.0, 0.687409, 0.000172, -0.718652, 0.000172, -0.072541, -0.075801, 0.0, 0.0, 0.0, 0.0, 0.0, 0.0]}, "T2g23": {"2s": [0.0, 0.0, 0.0, 0.0, 0.0, 0.0, 0.0, 0.0, 0.0, 0.0, 0.0, 0.0, 0.0], "x": [0.0, 0.0, -0.0, -0.0, -0.0, -0.707107, 0.707107, 0.0, 0.0, 0.0, 0.0, 0.0, 0.0], "y": [0.0, -0.0, 0.0, -0.0, -0.0, -0.707107, 0.707107, 0.0, 0.0, 0.0, 0.0, 0.0, 0.0], "z": [0.0, -0.075798, -0.718482, -0.072545, 0.687582, 0.001834, -0.001418, 0.0, 0.0, 0.0, 0.0, 0.0, 0.0]}, "T1u12": {"2s": [0.0, 0.707107, 0.0, -0.707107, 0.0, 0.0, 0.0, 0.0, 0.0, 0.0, 0.0, 0.0, 0.0], "x": [0.0, 0.5, 0.5, 0.5, 0.5, 0.0, 1e-06, 0.0, 0.0, 0.0, 0.0, 0.0, 0.0], "y": [0.0, 0.5, -0.0, 0.5, -0.0, 0.5, 0.5, 0.0, 0.0, 0.0, 0.0, 0.0, 0.0], "z": [0.0, 0.707107, -0.0, 0.707107, -0.0, -0.0, -0.0, 0.0, 0.0, 0.0, 0.0, 0.0, 0.0]}, "T1u13": {"2s": [0.0, 0.0, -0.707107, 0.0, 0.707107, 0.0, 0.0, 0.0, 0.0, 0.0, 0.0, 0.0, 0.0], "x": [0.0, -0.288675, 0.288675, -0.288675, 0.288675, 0.57735, 0.57735, 0.0, 0.0, 0.0, 0.0, 0.0, 0.0], "y": [0.0, 0.288675, 0.57735, 0.288675, 0.57735, -0.288675, -0.288675, 0.0, 0.0, 0.0, 0.0, 0.0, 0.0], "z": [0.0, 0.0, 0.707107, 0.0, 0.707107, -0.0, -0.0, 0.0, 0.0, 0.0, 0.0, 0.0, 0.0]}, "T1u23": {"2s": [0.0, 0.0, 0.0, 0.0, 0.0, -0.707107, 0.707107, 0.0, 0.0, 0.0, 0.0, 0.0, 0.0], "x": [0.0, 0.408248, -0.408249, 0.408248, -0.408249, 0.408248, 0.408248, 0.0, 0.0, 0.0, 0.0, 0.0, 0.0], "y": [0.0, -0.408248, 0.408248, -0.408248, 0.408248, 0.408248, 0.408248, 0.0, 0.0, 0.0, 0.0, 0.0, 0.0], "z": [0.0, 0.0, 0.0, 0.0, 0.0, 0.707107, 0.707107, 0.0, 0.0, 0.0, 0.0, 0.0, 0.0]}, "T2u12": {"2s": [0.0, 0.0, 0.0, 0.0, 0.0, 0.0, 0.0, 0.0, 0.0, 0.0, 0.0, 0.0, 0.0], "x": [0.0, 0.5, -0.5, 0.5, -0.5, -0.0, -1e-06, 0.0, 0.0, 0.0, 0.0, 0.0, 0.0], "y": [0.0, 0.5, 0.0, 0.5, 0.0, -0.5, -0.5, 0.0, 0.0, 0.0, 0.0, 0.0, 0.0], "z": [0.0, 0.0, 0.037152, 0.0, 0.037152, 0.724462, 0.68731, 0.0, 0.0, 0.0, 0.0, 0.0, 0.0]}, "T2u13": {"2s": [0.0, 0.0, 0.0, 0.0, 0.0, 0.0, 0.0, 0.0, 0.0, 0.0, 0.0, 0.0, 0.0], "x": [0.0, 0.288674, 0.288675, 0.288675, 0.288675, -0.577351, -0.577351, 0.0, 0.0, 0.0, 0.0, 0.0, 0.0], "y": [0.0, -0.288675, 0.57735, -0.288675, 0.57735, -0.288675, -0.288675, 0.0, 0.0, 0.0, 0.0, 0.0, 0.0], "z": [0.0, 0.688257, -0.001951, 0.72546, -0.001951, -0.000847, 0.001104, 0.0, 0.0, 0.0, 0.0, 0.0, 0.0]}, "T2u23": {"2s": [0.0, 0.0, 0.0, 0.0, 0.0, 0.0, 0.0, 0.0, 0.0, 0.0, 0.0, 0.0, 0.0], "x": [0.0, -0.433338, -0.381512, -0.381513, -0.433338, -0.381512, -0.433337, 0.0, 0.0, 0.0, 0.0, 0.0, 0.0], "y": [0.0, 0.346949, 0.461475, 0.461475, 0.346949, 0.461475, 0.34695, 0.0, 0.0, 0.0, 0.0, 0.0, 0.0], "z": [0.0, 0.002907, 0.724506, 0.00105, 0.687257, -0.038055, -0.036199, 0.0, 0.0, 0.0, 0.0, 0.0, 0.0]}}, "focal_length": 50, "rotation_axis_options": {}}