{"name": "Tetra(methylphosphine)methylrhodium(I)", "target_directory": "Animation_files_tetra_methylphosphine_methylrhodium", "xyz": ["xyz_files", "tetra(methylphosphine)methylrhodium(I).xyz"], "point_group": "C3v", "mirror_options": {"vertices": 32}, "resolution_x": 512, "resolution_y": 512, "samples": 60, "focal_length": 95.0, "camera_matrix": [[0.7063, -0.3958, 0.5869, 16.2219], [0.7079, 0.3949, -0.5855, -16.4328], [-0.0, 0.8291, 0.5591, 15.6062], [0.0, 0.0, 0.0, 1.0]], "angles": [6.283185307179586, 2.0943951023931953, 6.283185307179586], "normals": [[], [[0.0, 0.0, 1.0], [0.0, 0.0, -1.0]], [[-0.866025, -0.500001, -2e-06], [-1e-06, 1.0, 0.0], [-0.866023, 0.500004, 1e-06]]], "SALCS": {"A1": {"2s": [0.0, 2.0, 2.0, 2.0], "x": [0.0, 2.0, -0.999998, -0.999992], "y": [0.0, 0.0, -2e-06, -8e-06], "z": [0.0, 2.0, 2.0, 2.0]}, "A2": {"2s": [0.0, 0.0, 0.0, 0.0], "x": [0.0, 0.0, -2e-06, -8e-06], "y": [0.0, 2.0, -0.999998, -0.999992], "z": [0.0, 0.0, 0.0, 0.0]}, "E+": {"2s": [0.0, 1.0, 1.0, -2.0], "x": [0.0, 2.5, 2.5, 1.0], "y": [0.0, 2.5, 2.5, 1.0], "z": [0.0, 1.0, 1.0, -2.0]}, "E-": {"2s": [0.0, 3.0, -3.0, 0.0], "x": [0.0, 1.5, -1.5, 0.0], "y": [0.0, 1.5, -1.5, 0.0], "z": [0.0, 3.0, -3.0, 0.0]}}, "rotation_axis_options": {}}