{"xyz": ["xyz_files", "benzene.xyz"], "normals": [[], [[0.0, 0.0, 1.0], [0.0, 0.0, -1.0]], [[0.0, 0.0, 1.0], [0.0, 0.0, -1.0]], [[0.0, 0.0, 1.0]], [[0.4999997506300815, 0.8660255351126978, 0.0], [-0.5000002914776903, 0.8660252497088108, 0.0], [-1.0000000355622236, -3.773049851322321e-07, 0.0]], [[0.8660253286361694, 0.5000001192092896, 0.0], [-1.8865248918586985e-07, 1.0000000177811295, 0.0], [-0.8660255575706086, 0.4999998157103854, 0.0]], [], [[0.0, 0.0, 1.0], [0.0, 0.0, -1.0]], [[0.0, 0.0, 1.0], [0.0, 0.0, -1.0]], [[0.0, 0.0, 1.0]], [[0.4999997506300815, 0.8660255351126978, 0.0], [-0.5000002914776903, 0.8660252497088108, 0.0], [-1.0000000355622236, -3.773049851322321e-07, 0.0]], [[0.8660253286361694, 0.5000001192092896, 0.0], [-1.8865248918586985e-07, 1.0000000177811295, 0.0], [-0.8660255575706086, 0.4999998157103854, 0.0]]], "angles": [0.0, 1.0471975511965976, 2.0943951023931953, 3.141592653589793, 3.141592653589793, 3.141592653589793, 0.0, 2.0943951023931953, 1.0471975511965976, 0.0, 0.0, 0.0], "point_group": "D6h", "mirror_options": {"vertices": 32}, "camera_matrix": [[0.856, -0.2543, 0.4502, 4.7052], [0.517, 0.4211, -0.7453, -7.9936], [-0.0, 0.8706, 0.4919, 5.2775], [0.0, 0.0, 0.0, 1.0]], "target_directory": "Animation_files_benzene", "resolution_x": 512, "resolution_y": 512, "samples": 60, "more_options": {"options": "options"}, "SALCS": {"A1g": {"2s": [4.0, 4.0, 4.0, 4.0, 4.0, 4.0, 0.0, 0.0, 0.0, 0.0, 0.0, 0.0], "x": [-1e-06, 3.0, 3.0, 1e-06, -3.0, -3.0, 0.0, 0.0, 0.0, 0.0, 0.0, 0.0], "y": [2.0, 1.0, -1.0, -2.0, -1.0, 1.0, 0.0, 0.0, 0.0, 0.0, 0.0, 0.0], "z": [0.0, 0.0, 0.0, 0.0, 0.0, 0.0, 0.0, 0.0, 0.0, 0.0, 0.0, 0.0]}, "A2g": {"2s": [0.0, 0.0, 0.0, 0.0, 0.0, 0.0, 0.0, 0.0, 0.0, 0.0, 0.0, 0.0], "x": [2.000001, 1.0, -1.0, -2.0, -1.0, 1.0, 0.0, 0.0, 0.0, 0.0, 0.0, 0.0], "y": [-1e-06, 3.0, 3.0, 1e-06, -3.0, -3.0, 0.0, 0.0, 0.0, 0.0, 0.0, 0.0], "z": [0.0, 0.0, 0.0, 0.0, 0.0, 0.0, 0.0, 0.0, 0.0, 0.0, 0.0, 0.0]}, "B2g": {"2s": [-2.0, 2.0, -2.0, 2.0, -2.0, 2.0, 0.0, 0.0, 0.0, 0.0, 0.0, 0.0], "x": [1.000001, 1.0, -2.0, 1.000001, 1.0, -2.0, 0.0, 0.0, 0.0, 0.0, 0.0, 0.0], "y": [-1.0, -1.0, 2.0, -1.0, -1.0, 2.0, 0.0, 0.0, 0.0, 0.0, 0.0, 0.0], "z": [-2.0, 2.0, -2.0, 2.0, -2.0, 2.0, 0.0, 0.0, 0.0, 0.0, 0.0, 0.0]}, "E1g+": {"2s": [0.0, 0.0, 0.0, 0.0, 0.0, 0.0, 0.0, 0.0, 0.0, 0.0, 0.0, 0.0], "x": [0.0, 0.0, 0.0, 0.0, 0.0, 0.0, 0.0, 0.0, 0.0, 0.0, 0.0, 0.0], "y": [0.0, 0.0, 0.0, 0.0, 0.0, 0.0, 0.0, 0.0, 0.0, 0.0, 0.0, 0.0], "z": [0.0, 6.0, 6.0, 0.0, -6.0, -6.0, 0.0, 0.0, 0.0, 0.0, 0.0, 0.0]}, "E1g-": {"2s": [0.0, 0.0, 0.0, 0.0, 0.0, 0.0, 0.0, 0.0, 0.0, 0.0, 0.0, 0.0], "x": [0.0, 0.0, 0.0, 0.0, 0.0, 0.0, 0.0, 0.0, 0.0, 0.0, 0.0, 0.0], "y": [0.0, 0.0, 0.0, 0.0, 0.0, 0.0, 0.0, 0.0, 0.0, 0.0, 0.0, 0.0], "z": [4.0, 2.0, -2.0, -4.0, -2.0, 2.0, 0.0, 0.0, 0.0, 0.0, 0.0, 0.0]}, "E2g+": {"2s": [-4.0, 2.0, 2.0, -4.0, 2.0, 2.0, 0.0, 0.0, 0.0, 0.0, 0.0, 0.0], "x": [-0.0, 3.0, 3.0, -0.0, -3.0, -3.0, 0.0, 0.0, 0.0, 0.0, 0.0, 0.0], "y": [-0.0, 3.0, 3.0, -0.0, -3.0, -3.0, 0.0, 0.0, 0.0, 0.0, 0.0, 0.0], "z": [0.0, 0.0, 0.0, 0.0, 0.0, 0.0, 0.0, 0.0, 0.0, 0.0, 0.0, 0.0]}, "E2g-": {"2s": [0.0, 6.0, -6.0, 0.0, 6.0, -6.0, 0.0, 0.0, 0.0, 0.0, 0.0, 0.0], "x": [-2.0, 5.0, -5.0, 2.0, -5.0, 5.0, 0.0, 0.0, 0.0, 0.0, 0.0, 0.0], "y": [-2.0, 5.0, -5.0, 2.0, -5.0, 5.0, 0.0, 0.0, 0.0, 0.0, 0.0, 0.0], "z": [0.0, 0.0, 0.0, 0.0, 0.0, 0.0, 0.0, 0.0, 0.0, 0.0, 0.0, 0.0]}, "A2u": {"2s": [0.0, 0.0, 0.0, 0.0, 0.0, 0.0, 0.0, 0.0, 0.0, 0.0, 0.0, 0.0], "x": [-1e-06, 0.0, 0.0, -1e-06, 0.0, 0.0, 0.0, 0.0, 0.0, 0.0, 0.0, 0.0], "y": [0.0, -0.0, 0.0, 0.0, -0.0, 0.0, 0.0, 0.0, 0.0, 0.0, 0.0, 0.0], "z": [4.0, 4.0, 4.0, 4.0, 4.0, 4.0, 0.0, 0.0, 0.0, 0.0, 0.0, 0.0]}, "B1u": {"2s": [-2.0, 2.0, -2.0, 2.0, -2.0, 2.0, 0.0, 0.0, 0.0, 0.0, 0.0, 0.0], "x": [-0.999999, 2.0, -1.0, -1.0, 2.0, -1.0, 0.0, 0.0, 0.0, 0.0, 0.0, 0.0], "y": [-1.0, 2.0, -1.0, -0.999999, 2.0, -1.0, 0.0, 0.0, 0.0, 0.0, 0.0, 0.0], "z": [-2.0, 2.0, -2.0, 2.0, -2.0, 2.0, 0.0, 0.0, 0.0, 0.0, 0.0, 0.0]}, "B2u": {"2s": [-2.0, 2.0, -2.0, 2.0, -2.0, 2.0, 0.0, 0.0, 0.0, 0.0, 0.0, 0.0], "x": [-1.0, 2.0, -1.0, -0.999999, 2.0, -1.0, 0.0, 0.0, 0.0, 0.0, 0.0, 0.0], "y": [-1.0, 2.0, -1.0, -1.0, 2.0, -1.0, 0.0, 0.0, 0.0, 0.0, 0.0, 0.0], "z": [2.0, -2.0, 2.0, -2.0, 2.0, -2.0, 0.0, 0.0, 0.0, 0.0, 0.0, 0.0]}, "E1u+": {"2s": [0.0, 6.0, 6.0, 0.0, -6.0, -6.0, 0.0, 0.0, 0.0, 0.0, 0.0, 0.0], "x": [2.0, 5.0, 5.0, 2.0, 5.0, 5.0, 0.0, 0.0, 0.0, 0.0, 0.0, 0.0], "y": [2.0, 5.0, 5.0, 2.0, 5.0, 5.0, 0.0, 0.0, 0.0, 0.0, 0.0, 0.0], "z": [0.0, 0.0, 0.0, 0.0, 0.0, 0.0, 0.0, 0.0, 0.0, 0.0, 0.0, 0.0]}, "E1u-": {"2s": [4.0, 2.0, -2.0, -4.0, -2.0, 2.0, 0.0, 0.0, 0.0, 0.0, 0.0, 0.0], "x": [0.0, 3.0, -3.0, -0.0, 3.0, -3.0, 0.0, 0.0, 0.0, 0.0, 0.0, 0.0], "y": [0.0, 3.0, -3.0, -0.0, 3.0, -3.0, 0.0, 0.0, 0.0, 0.0, 0.0, 0.0], "z": [0.0, 0.0, 0.0, 0.0, 0.0, 0.0, 0.0, 0.0, 0.0, 0.0, 0.0, 0.0]}, "E2u+": {"2s": [0.0, 0.0, 0.0, 0.0, 0.0, 0.0, 0.0, 0.0, 0.0, 0.0, 0.0, 0.0], "x": [0.0, 0.0, 0.0, 0.0, 0.0, 0.0, 0.0, 0.0, 0.0, 0.0, 0.0, 0.0], "y": [0.0, 0.0, 0.0, 0.0, 0.0, 0.0, 0.0, 0.0, 0.0, 0.0, 0.0, 0.0], "z": [-4.0, 2.0, 2.0, -4.0, 2.0, 2.0, 0.0, 0.0, 0.0, 0.0, 0.0, 0.0]}, "E2u-": {"2s": [0.0, 0.0, 0.0, 0.0, 0.0, 0.0, 0.0, 0.0, 0.0, 0.0, 0.0, 0.0], "x": [0.0, 0.0, 0.0, 0.0, 0.0, 0.0, 0.0, 0.0, 0.0, 0.0, 0.0, 0.0], "y": [0.0, 0.0, 0.0, 0.0, 0.0, 0.0, 0.0, 0.0, 0.0, 0.0, 0.0, 0.0], "z": [0.0, 6.0, -6.0, 0.0, 6.0, -6.0, 0.0, 0.0, 0.0, 0.0, 0.0, 0.0]}}, "name": "Benzene", "focal_length": 50, "rotation_axis_options": {}}