{"name": "[Mg(H_2O)_6]^{2+}", "target_directory": "Animation_files_Mg(H2O)6", "xyz": ["xyz_files", "Mg(H2O)6.xyz"], "point_group": "Th", "mirror_options": {"vertices": 32}, "resolution_x": 512, "resolution_y": 512, "samples": 60, "camera_matrix": [[0.548, 0.283, -0.7872, -9.3752], [-0.8365, 0.1854, -0.5156, -6.0638], [0.0, 0.9411, 0.3383, 4.063], [0.0, 0.0, 0.0, 1.0]], "angles": [6.283185307179586, 2.0943951023931953, 4.1887902047863905, 3.141592653589793, 6.283185307179586, 5.235987755982989, 1.0471975511965976, 6.283185307179586], "normals": [[], [[0.577351, -0.57735, 0.57735], [-0.57735, 0.57735, 0.57735], [0.57735, -0.57735, -0.57735], [0.57735, 0.577351, -0.57735]], [[0.577351, -0.57735, 0.57735], [-0.57735, 0.577351, 0.57735], [0.57735, -0.57735, -0.57735], [0.57735, 0.577351, -0.57735]], [[0.0, 0.0, 1.0], [0.0, 1.0, 0.0], [-1.0, 0.0, 0.0]], [], [[0.577351, -0.57735, 0.57735], [-0.57735, 0.57735, 0.57735], [0.57735, -0.57735, -0.57735], [0.57735, 0.577351, -0.57735]], [[0.577351, -0.57735, 0.57735], [-0.57735, 0.577351, 0.57735], [0.57735, -0.57735, -0.57735], [0.57735, 0.577351, -0.57735]], [[0.0, 0.0, 1.0], [0.0, 1.0, 0.0], [-1.0, 0.0, 0.0]]], "focal_length": 50, "rotation_axis_options": {}}