{"xyz": ["xyz_files", "nickeltetracarbonyl.xyz"], "normals": [[], [[-0.5773501702115963, -0.5773498969414155, 0.5773507404155448], [0.5773501593766408, -0.5773503260820787, 0.5773503221101423], [0.5773503782604873, 0.577350210271372, 0.5773502190370023], [-0.5773501098520538, 0.5773504844545382, 0.5773502132622206], [-0.577350211270541, -0.5773502335846693, -0.5773503627136555], [0.5773501226164811, -0.5773504610013697, -0.5773502239509742], [0.577350114677352, 0.5773499967537701, -0.5773506961375124], [-0.5773505152896571, 0.5773499522746011, -0.5773503400044754]], [[0.0, 0.0, 1.0], [1.0, -1.6389338831668884e-07, 4.4927298708915316e-08], [-1.5529696266118766e-07, 1.0, 1.17598295484685e-07]], [[0.0, 0.0, 1.0], [-1.1286141982602166e-08, -1.0, 8.968816495608443e-08], [-8.023226565883804e-08, 1.0, 1.7027184390398174e-08], [1.0, 0.0, -8.114441642445753e-07], [-1.0, 1.6389338831668884e-07, -4.4927298708915316e-08], [0.0, 0.0, -1.0]], [[0.707106795548386, -1.0119559186848215e-07, 0.7071067668247015], [-4.7342724601677394e-08, 0.7071069409649299, 0.7071066214081275], [-0.707106823496567, 0.0, 0.7071067388765255], [0.7071068426353209, 0.7071067197377616, 1.0000115485114443e-07], [-0.707106856251123, 0.7071067061219634, 3.005883392765217e-08], [-3.52753408926777e-08, 0.7071069171098932, -0.7071066452631749]]], "angles": [6.283185307179586, 2.0943951023931953, 3.141592653589793, 1.5707963267948966, 6.283185307179586], "point_group": "Td", "mirror_options": {"vertices": 32}, "camera_matrix": [[0.9629, -0.1023, 0.2499, 2.8737], [0.27, 0.3649, -0.8911, -10.3903], [-0.0, 0.9254, 0.3789, 4.6295], [0.0, 0.0, 0.0, 1.0]], "target_directory": "Animation_files_nickeltetracarbonyl", "resolution_x": 512, "resolution_y": 512, "samples": 60, "more_options": {"options": "options"}, "SALCS": {"A1": {"2s": [0.0, 6.0, 6.0, 6.0, 6.0, 0.0, 0.0, 0.0, 0.0], "x": [0.0, -2.0, 2.0, 2.0, -2.0, 0.0, 0.0, 0.0, 0.0], "y": [0.0, -2.0, 1.999999, -2.0, 2.0, 0.0, 0.0, 0.0, 0.0], "z": [0.0, 2.0, 2.000002, -1.999999, -2.0, 0.0, 0.0, 0.0, 0.0]}, "E+": {"2s": [0.0, 0.0, 0.0, 0.0, 0.0, 0.0, 0.0, 0.0, 0.0], "x": [0.0, -0.0, 4.0, -0.0, -4.000001, 0.0, 0.0, 0.0, 0.0], "y": [0.0, -4.000001, 4.000002, -1e-06, -0.0, 0.0, 0.0, 0.0, 0.0], "z": [0.0, -1e-06, 3.999997, -4.000001, -0.0, 0.0, 0.0, 0.0, 0.0]}, "E-": {"2s": [0.0, 0.0, 0.0, 0.0, 0.0, 0.0, 0.0, 0.0, 0.0], "x": [0.0, -4.000001, 0.0, 4.0, 0.0, 0.0, 0.0, 0.0, 0.0], "y": [0.0, 0.0, 0.0, -4.0, 4.0, 0.0, 0.0, 0.0, 0.0], "z": [0.0, 4.0, 0.0, -0.0, -4.0, 0.0, 0.0, 0.0, 0.0]}, "T112": {"2s": [0.0, 0.0, 0.0, 0.0, 0.0, 0.0, 0.0, 0.0, 0.0], "x": [0.0, 0.0, 0.707107, -0.707107, 0.0, 0.0, 0.0, 0.0, 0.0], "y": [0.0, -0.0, 0.707107, 0.0, -0.707107, 0.0, 0.0, 0.0, 0.0], "z": [0.0, -0.707107, 0.707107, -0.0, -0.0, 0.0, 0.0, 0.0, 0.0]}, "T113": {"2s": [0.0, 0.0, 0.0, 0.0, 0.0, 0.0, 0.0, 0.0, 0.0], "x": [0.0, -0.816497, 0.408248, 0.408248, 0.0, 0.0, 0.0, 0.0, 0.0], "y": [0.0, 0.0, 0.408248, -0.816497, 0.408248, 0.0, 0.0, 0.0, 0.0], "z": [0.0, 0.408248, 0.408248, 0.0, -0.816497, 0.0, 0.0, 0.0, 0.0]}, "T123": {"2s": [0.0, 0.0, 0.0, 0.0, 0.0, 0.0, 0.0, 0.0, 0.0], "x": [0.0, 0.499999, 0.499999, 0.499999, 0.500004, 0.0, 0.0, 0.0, 0.0], "y": [0.0, 0.866026, -0.288675, -0.288675, -0.288675, 0.0, 0.0, 0.0, 0.0], "z": [0.0, -0.008623, -0.008624, -0.999888, -0.008624, 0.0, 0.0, 0.0, 0.0]}, "T212": {"2s": [0.0, -0.288675, 0.866025, -0.288675, -0.288675, 0.0, 0.0, 0.0, 0.0], "x": [0.0, 0.408248, 0.816497, -0.0, 0.408248, 0.0, 0.0, 0.0, 0.0], "y": [0.0, 0.408248, 0.816497, 0.408248, -0.0, 0.0, 0.0, 0.0, 0.0], "z": [0.0, -0.0, 0.816497, 0.408248, 0.408248, 0.0, 0.0, 0.0, 0.0]}, "T213": {"2s": [0.0, 0.229416, -0.917663, 0.229416, 0.229416, 0.0, 0.0, 0.0, 0.0], "x": [0.0, -0.615457, 0.246183, 0.738549, 0.123091, 0.0, 0.0, 0.0, 0.0], "y": [0.0, 0.123091, 0.246183, -0.615457, 0.738549, 0.0, 0.0, 0.0, 0.0], "z": [0.0, 0.738549, 0.246183, 0.123091, -0.615457, 0.0, 0.0, 0.0, 0.0]}, "T223": {"2s": [0.0, 0.694341, 0.304091, -0.461205, -0.461205, 0.0, 0.0, 0.0, 0.0], "x": [0.0, 0.609272, -0.435194, 0.609272, 0.261116, 0.0, 0.0, 0.0, 0.0], "y": [0.0, 0.696311, -0.522233, 0.348155, 0.348155, 0.0, 0.0, 0.0, 0.0], "z": [0.0, 0.609272, -0.435194, 0.261117, 0.609272, 0.0, 0.0, 0.0, 0.0]}}, "name": "Nickeltetracarbonyl", "focal_length": 50.0, "rotation_axis_options": {}}