{"name": "C24\\ Fullerene", "target_directory": "Animation_files_C24fullerene", "xyz": ["xyz_files", "C24fullerene.xyz"], "point_group": "Oh", "mirror_options": {"vertices": 32}, "resolution_x": 512, "resolution_y": 512, "samples": 60, "camera_matrix": [[0.2559, 0.3058, -0.917, -6.1259], [-0.9667, 0.081, -0.2427, -1.5716], [0.0, 0.9487, 0.3163, 2.1489], [0.0, 0.0, 0.0, 1.0]], "angles": [6.283185307179586, 2.0943951023931953, 3.141592653589793, 1.5707963267948966, 3.141592653589793, 6.283185307179586, 1.5707963267948966, 1.0471975511965976, 6.283185307179586, 6.283185307179586], "normals": [[], [[-0.577351, -0.57735, 0.57735], [0.57735, 0.577351, -0.57735], [0.577349, -0.57735, 0.577353], [-0.577347, 0.577352, -0.577351], [0.57735, 0.577351, 0.57735], [-0.577349, -0.577349, -0.577353], [-0.57735, 0.57735, 0.577351], [0.57735, -0.57735, -0.577351]], [[-0.707107, -1e-06, 0.707107], [0.0, -0.707107, 0.707106], [0.707106, 1e-06, 0.707107], [-0.0, 0.707106, 0.707107], [-0.707107, -0.707107, 1e-06], [-0.707107, 0.707107, 1e-06]], [[0.0, 0.0, 1.0], [0.0, 0.0, -1.0], [0.0, -1.0, 1e-06], [0.0, 1.0, 1e-06], [1.0, 0.0, 1e-06], [-1.0, -0.0, -1e-06]], [[0.0, 0.0, 1.0], [-1.0, -1e-06, 5e-06], [0.0, -1.0, 0.0]], [], [[0.0, 0.0, 1.0], [0.0, 0.0, -1.0], [-1.0, -1e-06, 1e-06], [1.0, 0.0, 1e-06], [-1e-06, -1.0, -0.0], [1e-06, 1.0, -0.0]], [[-0.577351, -0.57735, 0.57735], [0.57735, 0.577351, -0.57735], [0.577351, -0.57735, 0.57735], [-0.57735, 0.577351, -0.57735], [0.57735, 0.577351, 0.57735], [-0.57735, -0.57735, -0.577351], [-0.57735, 0.57735, 0.577351], [0.57735, -0.57735, -0.577351]], [[0.0, 0.0, 1.0], [-1.0, -1e-06, 5e-06], [0.0, -1.0, 0.0]], [[-0.707107, -1e-06, 0.707107], [0.0, -0.707107, 0.707106], [0.707106, 1e-06, 0.707107], [-0.0, 0.707106, 0.707107], [-0.707107, -0.707107, 1e-06], [-0.707107, 0.707107, 1e-06]]], "SALCS": {"A1g": {"2s": [0.0, 8.0, 8.0, 8.0, 8.0, 8.0, 8.0], "x": [0.0, -0.0, -3e-06, 0.0, -2e-06, -6e-06, 2e-06], "y": [0.0, -0.0, -6e-06, 0.0, 3e-06, 4e-06, 0.0], "z": [0.0, 8.0, 1e-05, -8.0, 1e-06, 3e-06, -1e-06]}, "Eg+": {"2s": [0.0, 4.0, 4.0, 4.0, 4.0, -8.0, -8.0], "x": [0.0, -0.0, 3e-06, 4e-06, 2e-06, 8e-06, 2e-06], "y": [0.0, -0.0, 3e-06, -4e-06, 0.0, -1e-06, 0.0], "z": [0.0, 8.0, -8.000007, -8.000001, 7.999997, -8e-06, -3e-06]}, "Eg-": {"2s": [0.0, 12.0, -12.0, 12.0, -12.0, 0.0, 0.0], "x": [0.0, 0.0, 3e-06, -4e-06, 2e-06, 1e-06, -2e-06], "y": [0.0, 0.0, 3e-06, 4e-06, 0.0, -8e-06, -1e-06], "z": [0.0, 8.0, 7.999993, -7.999999, -8.000003, 6e-06, 3e-06]}, "T1g12": {"2s": [0.0, 0.0, 0.0, 0.0, 0.0, 0.0, 0.0], "x": [0.0, 0.707107, -0.0, -0.707107, -0.0, 0.0, -0.0], "y": [0.0, 0.707107, 0.0, -0.707107, -1e-06, -0.0, -0.0], "z": [0.0, 0.0, -0.643827, 0.0, 0.618144, -0.311729, 0.325898]}, "T1g13": {"2s": [0.0, 0.0, 0.0, 0.0, 0.0, 0.0, 0.0], "x": [0.0, 0.0, -0.707107, 0.0, 0.707107, -0.0, -0.0], "y": [0.0, 1e-06, -0.707107, -1e-06, 0.707107, 0.0, -1e-06], "z": [0.0, 0.35595, 0.282791, -0.340475, -0.27151, -0.566273, 0.531998]}, "T1g23": {"2s": [0.0, 0.0, 0.0, 0.0, 0.0, 0.0, 0.0], "x": [0.0, 0.0, 0.0, -0.0, 0.0, -0.707107, 0.707107], "y": [0.0, -0.0, -1e-06, -0.0, 1e-06, -0.707107, 0.707107], "z": [0.0, 0.598185, -0.144877, -0.6321, 0.16943, 0.312463, -0.308698]}, "T2g12": {"2s": [0.0, 0.0, 0.0, 0.0, 0.0, 0.0, 0.0], "x": [0.0, 0.707107, 0.0, -0.707107, 0.0, -0.0, 0.0], "y": [0.0, 0.707107, -0.0, -0.707107, 1e-06, 0.0, 0.0], "z": [0.0, 0.0, 0.643827, 0.0, -0.618144, 0.311729, -0.325898]}, "T2g13": {"2s": [0.0, 0.0, 0.0, 0.0, 0.0, 0.0, 0.0], "x": [0.0, -0.0, -0.707107, -0.0, 0.707107, 0.0, 0.0], "y": [0.0, -1e-06, -0.707107, 1e-06, 0.707107, -0.0, 1e-06], "z": [0.0, -0.35595, -0.282791, 0.340475, 0.27151, 0.566273, -0.531998]}, "T2g23": {"2s": [0.0, 0.0, 0.0, 0.0, 0.0, 0.0, 0.0], "x": [0.0, -0.0, -0.0, 0.0, -0.0, -0.707107, 0.707107], "y": [0.0, 0.0, 1e-06, 0.0, -1e-06, -0.707107, 0.707107], "z": [0.0, -0.598185, 0.144877, 0.6321, -0.16943, -0.312463, 0.308698]}, "T1u12": {"2s": [0.0, 0.707107, 0.0, -0.707107, 0.0, 0.0, 0.0], "x": [0.0, 0.5, 0.5, 0.5, 0.5, 0.0, 0.0], "y": [0.0, 0.5, -0.0, 0.5, -0.0, 0.5, 0.5], "z": [0.0, 0.707107, -0.0, 0.707107, -0.0, -0.0, -0.0]}, "T1u13": {"2s": [0.0, 0.0, -0.707107, 0.0, 0.707107, 0.0, 0.0], "x": [0.0, -0.288675, 0.288675, -0.288675, 0.288675, 0.57735, 0.57735], "y": [0.0, 0.288675, 0.57735, 0.288675, 0.57735, -0.288675, -0.288675], "z": [0.0, 0.0, 0.707107, 0.0, 0.707107, -0.0, -0.0]}, "T1u23": {"2s": [0.0, 0.0, 0.0, 0.0, 0.0, -0.707107, 0.707107], "x": [0.0, 0.408248, -0.408248, 0.408248, -0.408248, 0.408248, 0.408248], "y": [0.0, -0.408248, 0.408248, -0.408248, 0.408248, 0.408248, 0.408248], "z": [0.0, 0.0, 0.0, 0.0, 0.0, 0.707107, 0.707107]}, "T2u12": {"2s": [0.0, 0.0, 0.0, 0.0, 0.0, 0.0, 0.0], "x": [0.0, 0.5, -0.5, 0.5, -0.5, -0.0, -0.0], "y": [0.0, 0.5, 0.0, 0.5, 0.0, -0.5, -0.5], "z": [0.0, 0.0, 0.12434, 0.0, 0.099472, 0.746047, 0.646574]}, "T2u13": {"2s": [0.0, 0.0, 0.0, 0.0, 0.0, 0.0, 0.0], "x": [0.0, 0.288675, 0.288675, 0.288675, 0.288675, -0.57735, -0.57735], "y": [0.0, -0.288675, 0.57735, -0.288675, 0.57735, -0.288675, -0.288675], "z": [0.0, 0.654702, -0.019777, 0.755425, -0.015822, 0.007241, -0.002118]}, "T2u23": {"2s": [0.0, 0.0, 0.0, 0.0, 0.0, 0.0, 0.0], "x": [0.0, -0.497899, -0.292285, -0.292285, -0.497898, -0.292285, -0.497898], "y": [0.0, 0.302069, 0.492024, 0.492024, 0.302069, 0.492024, 0.302069], "z": [0.0, 0.011954, 0.745232, 0.023568, 0.647018, -0.120763, -0.103511]}}, "focal_length": 50.0, "rotation_axis_options": {}}