{"name": "[B_6H_6]^{2-}", "target_directory": "Animation_files_B6H6_ion", "xyz": ["xyz_files", "B6H6_ion.xyz"], "point_group": "Oh", "mirror_options": {"vertices": 32}, "resolution_x": 512, "resolution_y": 512, "samples": 60, "camera_matrix": [[0.548, 0.283, -0.7872, -7.8254], [-0.8365, 0.1854, -0.5156, -5.0486], [0.0, 0.9411, 0.3383, 3.3969], [0.0, 0.0, 0.0, 1.0]], "angles": [6.283185307179586, 2.0943951023931953, 3.141592653589793, 1.5707963267948966, 3.141592653589793, 6.283185307179586, 1.5707963267948966, 1.0471975511965976, 6.283185307179586, 6.283185307179586], "normals": [[], [[-0.57735, -0.57735, 0.57735], [0.577351, 0.57735, -0.57735], [0.57735, -0.57735, 0.57735], [-0.57735, 0.577351, -0.57735], [0.57735, 0.577351, 0.57735], [-0.57735, -0.57735, -0.577351], [-0.57735, 0.57735, 0.577351], [0.57735, -0.577351, -0.57735]], [[1e-06, -0.707107, 0.707107], [0.707107, -0.0, 0.707107], [0.0, 0.707107, 0.707107], [0.707107, -0.707107, 0.0], [0.707107, 0.707107, 0.0], [0.707106, 0.0, -0.707107]], [[0.0, 0.0, 1.0], [0.0, 0.0, -1.0], [-0.0, -1.0, -0.0], [0.0, 1.0, -2e-06], [1.0, 0.0, 0.0], [-1.0, 0.0, -0.0]], [[1.0, 0.0, 0.0], [0.0, 1.0, 0.0], [0.0, 0.0, -1.0]], [], [[0.0, 0.0, 1.0], [0.0, 0.0, -1.0], [1e-06, -1.0, -1e-06], [0.0, 1.0, -2e-06], [1.0, 0.0, 0.0], [-1.0, 0.0, -1e-06]], [[-0.57735, -0.57735, 0.57735], [0.577351, 0.57735, -0.57735], [0.57735, -0.57735, 0.57735], [-0.577351, 0.57735, -0.57735], [0.57735, 0.577351, 0.57735], [-0.57735, -0.57735, -0.577351], [-0.577349, 0.577352, 0.577349], [0.57735, -0.577351, -0.57735]], [[1.0, 0.0, 0.0], [0.0, 1.0, 0.0], [0.0, 0.0, -1.0]], [[0.0, -0.707106, 0.707107], [0.707107, -0.0, 0.707107], [0.0, 0.707107, 0.707107], [0.707107, -0.707107, 0.0], [0.707107, 0.707107, 0.0], [0.707106, 0.0, -0.707107]]], "SALCS": {"A1g": {"2s": [8.0, 8.0, 8.0, 8.0, 8.0, 8.0, 0.0, 0.0, 0.0, 0.0, 0.0, 0.0], "x": [-2e-06, 1e-06, 2e-06, -1e-06, 0.0, 0.0, 0.0, 0.0, 0.0, 0.0, 0.0, 0.0], "y": [5e-06, 8.0, -1e-06, -8.0, -1e-06, -1e-06, 0.0, 0.0, 0.0, 0.0, 0.0, 0.0], "z": [-1e-06, -1e-06, 0.0, 2e-06, 2e-06, 2e-06, 0.0, 0.0, 0.0, 0.0, 0.0, 0.0]}, "Eg+": {"2s": [-8.0, 4.0, -8.0, 4.0, 4.0, 4.0, 0.0, 0.0, 0.0, 0.0, 0.0, 0.0], "x": [2e-06, -2e-06, -2e-06, 2e-06, -0.0, -0.0, 0.0, 0.0, 0.0, 0.0, 0.0, 0.0], "y": [-2e-06, 8.000002, 3e-06, -8.000003, 8.000001, -7.999999, 0.0, 0.0, 0.0, 0.0, 0.0, 0.0], "z": [-2e-06, -0.0, -2e-06, 0.0, -2e-06, -2e-06, 0.0, 0.0, 0.0, 0.0, 0.0, 0.0]}, "Eg-": {"2s": [0.0, 12.0, 0.0, 12.0, -12.0, -12.0, 0.0, 0.0, 0.0, 0.0, 0.0, 0.0], "x": [2e-06, 2e-06, -2e-06, -2e-06, -0.0, -0.0, 0.0, 0.0, 0.0, 0.0, 0.0, 0.0], "y": [-4e-06, 7.999998, 0.0, -7.999997, -7.999999, 8.000001, 0.0, 0.0, 0.0, 0.0, 0.0, 0.0], "z": [2e-06, 0.0, 1e-06, -0.0, -2e-06, -2e-06, 0.0, 0.0, 0.0, 0.0, 0.0, 0.0]}, "T1g12": {"2s": [0.0, 0.0, 0.0, 0.0, 0.0, 0.0, 0.0, 0.0, 0.0, 0.0, 0.0, 0.0], "x": [0.0, 0.707107, -0.0, -0.707107, 0.0, 0.0, 0.0, 0.0, 0.0, 0.0, 0.0, 0.0], "y": [-0.981457, 0.0, 0.110667, -9e-06, 0.110667, 0.110667, 0.0, 0.0, 0.0, 0.0, 0.0, 0.0], "z": [0.0, 0.707107, 0.0, -0.707107, 0.0, 0.0, 0.0, 0.0, 0.0, 0.0, 0.0, 0.0]}, "T1g13": {"2s": [0.0, 0.0, 0.0, 0.0, 0.0, 0.0, 0.0, 0.0, 0.0, 0.0, 0.0, 0.0], "x": [0.0, -0.0, 0.0, -0.0, 0.707107, -0.707107, 0.0, 0.0, 0.0, 0.0, 0.0, 0.0], "y": [0.016169, 0.111184, 0.121898, -0.986047, 0.010714, 0.010705, 0.0, 0.0, 0.0, 0.0, 0.0, 0.0], "z": [0.0, 0.0, 0.0, 0.0, 0.707107, -0.707107, 0.0, 0.0, 0.0, 0.0, 0.0, 0.0]}, "T1g23": {"2s": [0.0, 0.0, 0.0, 0.0, 0.0, 0.0, 0.0, 0.0, 0.0, 0.0, 0.0, 0.0], "x": [-0.707107, 0.0, 0.707107, 0.0, -0.0, -0.0, 0.0, 0.0, 0.0, 0.0, 0.0, 0.0], "y": [-0.093835, 0.123746, 0.023848, 0.006071, 0.123746, -0.979777, 0.0, 0.0, 0.0, 0.0, 0.0, 0.0], "z": [-0.707107, 0.0, 0.707107, -0.0, 0.0, 0.0, 0.0, 0.0, 0.0, 0.0, 0.0, 0.0]}, "T2g12": {"2s": [0.0, 0.0, 0.0, 0.0, 0.0, 0.0, 0.0, 0.0, 0.0, 0.0, 0.0, 0.0], "x": [0.0, 0.707107, 0.0, -0.707107, -0.0, -0.0, 0.0, 0.0, 0.0, 0.0, 0.0, 0.0], "y": [0.981457, 0.0, -0.110667, 9e-06, -0.110667, -0.110667, 0.0, 0.0, 0.0, 0.0, 0.0, 0.0], "z": [-0.0, 0.707107, -0.0, -0.707107, 0.0, 0.0, 0.0, 0.0, 0.0, 0.0, 0.0, 0.0]}, "T2g13": {"2s": [0.0, 0.0, 0.0, 0.0, 0.0, 0.0, 0.0, 0.0, 0.0, 0.0, 0.0, 0.0], "x": [-0.0, 0.0, -0.0, 0.0, 0.707107, -0.707107, 0.0, 0.0, 0.0, 0.0, 0.0, 0.0], "y": [-0.016169, -0.111184, -0.121898, 0.986047, -0.010714, -0.010705, 0.0, 0.0, 0.0, 0.0, 0.0, 0.0], "z": [0.0, -0.0, 0.0, -0.0, 0.707107, -0.707107, 0.0, 0.0, 0.0, 0.0, 0.0, 0.0]}, "T2g23": {"2s": [0.0, 0.0, 0.0, 0.0, 0.0, 0.0, 0.0, 0.0, 0.0, 0.0, 0.0, 0.0], "x": [-0.707107, -0.0, 0.707107, -0.0, 0.0, 0.0, 0.0, 0.0, 0.0, 0.0, 0.0, 0.0], "y": [0.093835, -0.123746, -0.023848, -0.006071, -0.123746, 0.979777, 0.0, 0.0, 0.0, 0.0, 0.0, 0.0], "z": [-0.707107, -0.0, 0.707107, 0.0, -0.0, -0.0, 0.0, 0.0, 0.0, 0.0, 0.0, 0.0]}, "T1u12": {"2s": [0.0, 0.707107, 0.0, -0.707107, 0.0, 0.0, 0.0, 0.0, 0.0, 0.0, 0.0, 0.0], "x": [0.5, 0.5, 0.5, 0.5, -0.0, -0.0, 0.0, 0.0, 0.0, 0.0, 0.0, 0.0], "y": [0.0, 0.707107, -0.0, 0.707107, -0.0, -0.0, 0.0, 0.0, 0.0, 0.0, 0.0, 0.0], "z": [-0.0, 0.5, -0.0, 0.5, 0.5, 0.5, 0.0, 0.0, 0.0, 0.0, 0.0, 0.0]}, "T1u13": {"2s": [0.0, 0.0, 0.0, 0.0, 0.707107, -0.707107, 0.0, 0.0, 0.0, 0.0, 0.0, 0.0], "x": [-0.288675, 0.288675, -0.288675, 0.288675, 0.57735, 0.57735, 0.0, 0.0, 0.0, 0.0, 0.0, 0.0], "y": [-0.0, -0.0, -0.0, 0.0, 0.707107, 0.707107, 0.0, 0.0, 0.0, 0.0, 0.0, 0.0], "z": [0.57735, -0.288675, 0.57735, -0.288675, 0.288675, 0.288675, 0.0, 0.0, 0.0, 0.0, 0.0, 0.0]}, "T1u23": {"2s": [-0.707107, 0.0, 0.707107, 0.0, 0.0, 0.0, 0.0, 0.0, 0.0, 0.0, 0.0, 0.0], "x": [0.408248, -0.408248, 0.408248, -0.408248, 0.408248, 0.408248, 0.0, 0.0, 0.0, 0.0, 0.0, 0.0], "y": [0.707107, -0.0, 0.707107, -0.0, -0.0, 0.0, 0.0, 0.0, 0.0, 0.0, 0.0, 0.0], "z": [0.408248, 0.408248, 0.408248, 0.408249, -0.408248, -0.408248, 0.0, 0.0, 0.0, 0.0, 0.0, 0.0]}, "T2u12": {"2s": [0.0, 0.0, 0.0, 0.0, 0.0, 0.0, 0.0, 0.0, 0.0, 0.0, 0.0, 0.0], "x": [-0.5, 0.5, -0.5, 0.5, 0.0, 0.0, 0.0, 0.0, 0.0, 0.0, 0.0, 0.0], "y": [-0.949653, 0.0, 0.180886, -9e-06, 0.180886, 0.180886, 0.0, 0.0, 0.0, 0.0, 0.0, 0.0], "z": [0.0, 0.5, 0.0, 0.5, -0.5, -0.5, 0.0, 0.0, 0.0, 0.0, 0.0, 0.0]}, "T2u13": {"2s": [0.0, 0.0, 0.0, 0.0, 0.0, 0.0, 0.0, 0.0, 0.0, 0.0, 0.0, 0.0], "x": [-0.288675, -0.288675, -0.288675, -0.288675, 0.57735, 0.57735, 0.0, 0.0, 0.0, 0.0, 0.0, 0.0], "y": [0.049314, 0.182661, 0.20806, -0.95897, 0.025399, 0.02539, 0.0, 0.0, 0.0, 0.0, 0.0, 0.0], "z": [-0.57735, 0.288675, -0.57735, 0.288675, 0.288675, 0.288675, 0.0, 0.0, 0.0, 0.0, 0.0, 0.0]}, "T2u23": {"2s": [0.0, 0.0, 0.0, 0.0, 0.0, 0.0, 0.0, 0.0, 0.0, 0.0, 0.0, 0.0], "x": [-0.292284, -0.497899, -0.497899, -0.292284, -0.497899, -0.292284, 0.0, 0.0, 0.0, 0.0, 0.0, 0.0], "y": [-0.12706, 0.214985, 0.059788, 0.028145, 0.214985, -0.941834, 0.0, 0.0, 0.0, 0.0, 0.0, 0.0], "z": [0.522667, 0.24526, 0.245261, 0.522666, 0.245261, 0.522667, 0.0, 0.0, 0.0, 0.0, 0.0, 0.0]}}, "focal_length": 50, "rotation_axis_options": {}}