{"xyz": ["xyz_files", "ferrocene.xyz"], "normals": [[], [[0, 0, 1], [0, 0, -1]], [[0, 0, 1], [0, 0, -1]], [[1.0, 0.0, 0.0], [0.3090171813964844, 0.9510564804077148, 0.0], [-0.8090168105272824, 0.5877855858489056, 0.0], [-0.8090173850033613, -0.5877848354062422, 0.0], [0.30901630478399544, -0.9510568398747834, 0.0]], [[0, 0, 1]], [[0, 0, 1], [0, 0, -1]], [[0, 0, 1], [0, 0, -1]], [[7.549790126404332e-08, 1.0, 0.0], [-0.9510564570775661, 0.3090172531992526, 0.0], [-0.5877856469279769, -0.8090167661507043, 0.0], [0.5877847743271275, -0.8090174293798827, 0.0], [0.9510568632048658, 0.30901623298120007, 0.0]]], "angles": [0, 1.2566370614359172, 2.5132741228718345, 3.141592653589793, 0, 1.2566370614359172, 3.7699111843077517, 0], "point_group": "D5h", "mirror_options": {"vertices": 32}, "camera_matrix": [[0.9862, -0.0627, 0.1533, 1.4883], [0.1656, 0.3737, -0.9127, -10.8934], [-0.0, 0.9254, 0.3789, 4.1383], [0.0, 0.0, 0.0, 1.0]], "target_directory": "Animation_files_ferrocene", "resolution_x": 512, "resolution_y": 512, "samples": 60, "more_options": {"options": "options"}, "SALCS": {"A'1": {"2s": [0.0, 2.0, 2.0, 2.0, 2.0, 2.0, 2.0, 2.0, 2.0, 2.0, 2.0, 0.0, 0.0, 0.0, 0.0, 0.0, 0.0, 0.0, 0.0, 0.0, 0.0], "x": [0.0, 1.309018, 1.309018, -0.5, 1.309017, 1.309017, -0.5, -1.618035, -0.500001, -0.500001, -1.618035, 0.0, 0.0, 0.0, 0.0, 0.0, 0.0, 0.0, 0.0, 0.0, 0.0], "y": [0.0, 0.690982, 0.690982, 1.118034, -0.690983, -0.690983, 1.118034, 1e-06, -1.118033, -1.118033, 1e-06, 0.0, 0.0, 0.0, 0.0, 0.0, 0.0, 0.0, 0.0, 0.0, 0.0], "z": [0.0, 2.0, -2.0, 2.0, 2.0, -2.0, -2.0, 2.0, 2.0, -2.0, -2.0, 0.0, 0.0, 0.0, 0.0, 0.0, 0.0, 0.0, 0.0, 0.0, 0.0]}, "A'2": {"2s": [0.0, 0.0, 0.0, 0.0, 0.0, 0.0, 0.0, 0.0, 0.0, 0.0, 0.0, 0.0, 0.0, 0.0, 0.0, 0.0, 0.0, 0.0, 0.0, 0.0, 0.0], "x": [0.0, 0.690982, 0.690982, 1.118034, -0.690983, -0.690983, 1.118034, 1e-06, -1.118033, -1.118034, 1e-06, 0.0, 0.0, 0.0, 0.0, 0.0, 0.0, 0.0, 0.0, 0.0, 0.0], "y": [0.0, 1.309018, 1.309018, -0.5, 1.309017, 1.309017, -0.5, -1.618035, -0.500001, -0.500001, -1.618035, 0.0, 0.0, 0.0, 0.0, 0.0, 0.0, 0.0, 0.0, 0.0, 0.0], "z": [0.0, 0.0, 0.0, 0.0, 0.0, 0.0, 0.0, 0.0, 0.0, 0.0, 0.0, 0.0, 0.0, 0.0, 0.0, 0.0, 0.0, 0.0, 0.0, 0.0, 0.0]}, "E'1+": {"2s": [0.0, 2.618034, 2.618034, -1.0, 2.618034, 2.618034, -1.0, -3.236068, -1.0, -1.0, -3.236068, 0.0, 0.0, 0.0, 0.0, 0.0, 0.0, 0.0, 0.0, 0.0, 0.0], "x": [0.0, 2.190983, 2.190983, 1.5, 2.190983, 2.190983, 1.5, 2.618035, 1.5, 1.5, 2.618035, 0.0, 0.0, 0.0, 0.0, 0.0, 0.0, 0.0, 0.0, 0.0, 0.0], "y": [0.0, 2.190983, 2.190983, 1.5, 2.190983, 2.190983, 1.5, 2.618035, 1.5, 1.5, 2.618035, 0.0, 0.0, 0.0, 0.0, 0.0, 0.0, 0.0, 0.0, 0.0, 0.0], "z": [0.0, 2.618034, -2.618034, -1.0, 2.618034, -2.618034, 1.0, -3.236068, -1.0, 1.0, 3.236068, 0.0, 0.0, 0.0, 0.0, 0.0, 0.0, 0.0, 0.0, 0.0, 0.0]}, "E'1-": {"2s": [0.0, 1.381966, 1.381966, 2.236068, -1.381966, -1.381966, 2.236068, 0.0, -2.236068, -2.236068, 0.0, 0.0, 0.0, 0.0, 0.0, 0.0, 0.0, 0.0, 0.0, 0.0, 0.0], "x": [0.0, 1.809017, 1.809017, -1.118034, -1.809017, -1.809017, -1.118034, 0.0, 1.118034, 1.118034, 0.0, 0.0, 0.0, 0.0, 0.0, 0.0, 0.0, 0.0, 0.0, 0.0, 0.0], "y": [0.0, 1.809017, 1.809017, -1.118034, -1.809017, -1.809017, -1.118034, 0.0, 1.118034, 1.118034, 0.0, 0.0, 0.0, 0.0, 0.0, 0.0, 0.0, 0.0, 0.0, 0.0, 0.0], "z": [0.0, 1.381966, -1.381966, 2.236068, -1.381966, 1.381966, -2.236068, 0.0, -2.236068, 2.236068, 0.0, 0.0, 0.0, 0.0, 0.0, 0.0, 0.0, 0.0, 0.0, 0.0, 0.0]}, "E'2+": {"2s": [0.0, 0.381966, 0.381966, -1.0, 0.381966, 0.381966, -1.0, 1.236068, -1.0, -1.0, 1.236068, 0.0, 0.0, 0.0, 0.0, 0.0, 0.0, 0.0, 0.0, 0.0, 0.0], "x": [0.0, 1.5, 1.5, -1.0, 1.5, 1.5, -1.0, -1.0, -1.0, -1.0, -1.0, 0.0, 0.0, 0.0, 0.0, 0.0, 0.0, 0.0, 0.0, 0.0, 0.0], "y": [0.0, 1.5, 1.5, -1.0, 1.5, 1.5, -1.0, -1.0, -1.0, -1.0, -1.0, 0.0, 0.0, 0.0, 0.0, 0.0, 0.0, 0.0, 0.0, 0.0, 0.0], "z": [0.0, 0.381966, -0.381966, -1.0, 0.381966, -0.381966, 1.0, 1.236068, -1.0, 1.0, -1.236068, 0.0, 0.0, 0.0, 0.0, 0.0, 0.0, 0.0, 0.0, 0.0, 0.0]}, "E'2-": {"2s": [0.0, 3.618034, 3.618034, -2.236068, -3.618034, -3.618034, -2.236068, 0.0, 2.236068, 2.236068, 0.0, 0.0, 0.0, 0.0, 0.0, 0.0, 0.0, 0.0, 0.0, 0.0, 0.0], "x": [0.0, 2.5, 2.5, -0.0, -2.5, -2.5, -0.0, 0.0, 0.0, 0.0, 0.0, 0.0, 0.0, 0.0, 0.0, 0.0, 0.0, 0.0, 0.0, 0.0, 0.0], "y": [0.0, 2.5, 2.5, -0.0, -2.5, -2.5, -0.0, 0.0, 0.0, 0.0, 0.0, 0.0, 0.0, 0.0, 0.0, 0.0, 0.0, 0.0, 0.0, 0.0, 0.0], "z": [0.0, 3.618034, -3.618034, -2.236068, -3.618034, 3.618034, 2.236068, 0.0, 2.236068, -2.236068, 0.0, 0.0, 0.0, 0.0, 0.0, 0.0, 0.0, 0.0, 0.0, 0.0, 0.0]}, "A''1": {"2s": [0.0, 0.0, 0.0, 0.0, 0.0, 0.0, 0.0, 0.0, 0.0, 0.0, 0.0, 0.0, 0.0, 0.0, 0.0, 0.0, 0.0, 0.0, 0.0, 0.0, 0.0], "x": [0.0, 0.690982, -0.690982, 1.118034, -0.690983, 0.690983, -1.118034, 1e-06, -1.118033, 1.118034, -1e-06, 0.0, 0.0, 0.0, 0.0, 0.0, 0.0, 0.0, 0.0, 0.0, 0.0], "y": [0.0, 1.309018, -1.309018, -0.5, 1.309017, -1.309017, 0.5, -1.618035, -0.500001, 0.500001, 1.618035, 0.0, 0.0, 0.0, 0.0, 0.0, 0.0, 0.0, 0.0, 0.0, 0.0], "z": [0.0, 0.0, 0.0, 0.0, 0.0, 0.0, 0.0, 0.0, 0.0, 0.0, 0.0, 0.0, 0.0, 0.0, 0.0, 0.0, 0.0, 0.0, 0.0, 0.0, 0.0]}, "A''2": {"2s": [0.0, 2.0, -2.0, 2.0, 2.0, -2.0, -2.0, 2.0, 2.0, -2.0, -2.0, 0.0, 0.0, 0.0, 0.0, 0.0, 0.0, 0.0, 0.0, 0.0, 0.0], "x": [0.0, 1.309018, -1.309018, -0.5, 1.309017, -1.309017, 0.5, -1.618035, -0.500001, 0.500001, 1.618035, 0.0, 0.0, 0.0, 0.0, 0.0, 0.0, 0.0, 0.0, 0.0, 0.0], "y": [0.0, 0.690982, -0.690982, 1.118034, -0.690983, 0.690983, -1.118034, 1e-06, -1.118033, 1.118033, -1e-06, 0.0, 0.0, 0.0, 0.0, 0.0, 0.0, 0.0, 0.0, 0.0, 0.0], "z": [0.0, 2.0, 2.0, 2.0, 2.0, 2.0, 2.0, 2.0, 2.0, 2.0, 2.0, 0.0, 0.0, 0.0, 0.0, 0.0, 0.0, 0.0, 0.0, 0.0, 0.0]}, "E''1+": {"2s": [0.0, 2.618034, -2.618034, -1.0, 2.618034, -2.618034, 1.0, -3.236068, -1.0, 1.0, 3.236068, 0.0, 0.0, 0.0, 0.0, 0.0, 0.0, 0.0, 0.0, 0.0, 0.0], "x": [0.0, 2.190983, -2.190983, 1.5, 2.190983, -2.190983, -1.5, 2.618035, 1.5, -1.5, -2.618035, 0.0, 0.0, 0.0, 0.0, 0.0, 0.0, 0.0, 0.0, 0.0, 0.0], "y": [0.0, 2.190983, -2.190983, 1.5, 2.190983, -2.190983, -1.5, 2.618035, 1.5, -1.5, -2.618035, 0.0, 0.0, 0.0, 0.0, 0.0, 0.0, 0.0, 0.0, 0.0, 0.0], "z": [0.0, 2.618034, 2.618034, -1.0, 2.618034, 2.618034, -1.0, -3.236068, -1.0, -1.0, -3.236068, 0.0, 0.0, 0.0, 0.0, 0.0, 0.0, 0.0, 0.0, 0.0, 0.0]}, "E''1-": {"2s": [0.0, 1.381966, -1.381966, 2.236068, -1.381966, 1.381966, -2.236068, 0.0, -2.236068, 2.236068, 0.0, 0.0, 0.0, 0.0, 0.0, 0.0, 0.0, 0.0, 0.0, 0.0, 0.0], "x": [0.0, 1.809017, -1.809017, -1.118034, -1.809017, 1.809017, 1.118034, 0.0, 1.118034, -1.118034, 0.0, 0.0, 0.0, 0.0, 0.0, 0.0, 0.0, 0.0, 0.0, 0.0, 0.0], "y": [0.0, 1.809017, -1.809017, -1.118034, -1.809017, 1.809017, 1.118034, 0.0, 1.118034, -1.118034, 0.0, 0.0, 0.0, 0.0, 0.0, 0.0, 0.0, 0.0, 0.0, 0.0, 0.0], "z": [0.0, 1.381966, 1.381966, 2.236068, -1.381966, -1.381966, 2.236068, 0.0, -2.236068, -2.236068, 0.0, 0.0, 0.0, 0.0, 0.0, 0.0, 0.0, 0.0, 0.0, 0.0, 0.0]}, "E''2+": {"2s": [0.0, 0.381966, -0.381966, -1.0, 0.381966, -0.381966, 1.0, 1.236068, -1.0, 1.0, -1.236068, 0.0, 0.0, 0.0, 0.0, 0.0, 0.0, 0.0, 0.0, 0.0, 0.0], "x": [0.0, 1.5, -1.5, -1.0, 1.5, -1.5, 1.0, -1.0, -1.0, 1.0, 1.0, 0.0, 0.0, 0.0, 0.0, 0.0, 0.0, 0.0, 0.0, 0.0, 0.0], "y": [0.0, 1.5, -1.5, -1.0, 1.5, -1.5, 1.0, -1.0, -1.0, 1.0, 1.0, 0.0, 0.0, 0.0, 0.0, 0.0, 0.0, 0.0, 0.0, 0.0, 0.0], "z": [0.0, 0.381966, 0.381966, -1.0, 0.381966, 0.381966, -1.0, 1.236068, -1.0, -1.0, 1.236068, 0.0, 0.0, 0.0, 0.0, 0.0, 0.0, 0.0, 0.0, 0.0, 0.0]}, "E''2-": {"2s": [0.0, 3.618034, -3.618034, -2.236068, -3.618034, 3.618034, 2.236068, 0.0, 2.236068, -2.236068, 0.0, 0.0, 0.0, 0.0, 0.0, 0.0, 0.0, 0.0, 0.0, 0.0, 0.0], "x": [0.0, 2.5, -2.5, -0.0, -2.5, 2.5, 0.0, 0.0, 0.0, -0.0, 0.0, 0.0, 0.0, 0.0, 0.0, 0.0, 0.0, 0.0, 0.0, 0.0, 0.0], "y": [0.0, 2.5, -2.5, -0.0, -2.5, 2.5, 0.0, 0.0, 0.0, -0.0, 0.0, 0.0, 0.0, 0.0, 0.0, 0.0, 0.0, 0.0, 0.0, 0.0, 0.0], "z": [0.0, 3.618034, 3.618034, -2.236068, -3.618034, -3.618034, -2.236068, 0.0, 2.236068, 2.236068, 0.0, 0.0, 0.0, 0.0, 0.0, 0.0, 0.0, 0.0, 0.0, 0.0, 0.0]}}, "name": "Ferrocene",