{"name": "Cubane", "target_directory": "Animation_files_cubane", "xyz": ["xyz_files", "cubane.xyz"], "point_group": "Oh", "mirror_options": {"vertices": 32}, "resolution_x": 512, "resolution_y": 512, "samples": 60, "camera_matrix": [[0.5004, 0.2929, -0.8147, -8.0967], [-0.8658, 0.1694, -0.4709, -4.6082], [0.0, 0.9411, 0.3383, 3.3969], [0.0, 0.0, 0.0, 1.0]], "angles": [6.283185307179586, 2.0943951023931953, 3.141592653589793, 1.5707963267948966, 3.141592653589793, 6.283185307179586, 1.5707963267948966, 1.0471975511965976, 6.283185307179586, 6.283185307179586], "normals": [[], [[-0.577351, -0.577351, 0.577349], [0.57735, 0.577351, -0.57735], [0.57735, -0.57735, 0.57735], [-0.57735, 0.57735, -0.57735], [0.57735, 0.57735, 0.57735], [-0.57735, -0.57735, -0.577351], [-0.57735, 0.57735, 0.577351], [0.577353, -0.577349, -0.577349]], [[-0.0, -0.707107, 0.707106], [0.707107, 0.0, 0.707107], [-0.707107, 0.0, 0.707107], [0.707107, -0.707107, 0.0], [0.707107, 0.707107, 0.0], [1e-06, -0.707107, -0.707107]], [[0.0, 0.0, 1.0], [0.0, 0.0, -1.0], [-3e-06, -1.0, 1e-06], [0.0, 1.0, 0.0], [1.0, 0.0, -2e-06], [-1.0, 0.0, -1e-06]], [[0.0, 0.0, 1.0], [0.0, 1.0, 0.0], [-1.0, 0.0, 0.0]], [], [[0.0, 0.0, 1.0], [0.0, 0.0, -1.0], [0.0, -1.0, 0.0], [0.0, 1.0, 0.0], [1.0, 0.0, -2e-06], [-1.0, 0.0, -1e-06]], [[-0.577351, -0.577351, 0.577349], [0.57735, 0.577351, -0.57735], [0.577351, -0.57735, 0.57735], [-0.57735, 0.577351, -0.57735], [0.577352, 0.57735, 0.577349], [-0.57735, -0.57735, -0.577351], [-0.57735, 0.57735, 0.577351], [0.57735, -0.57735, -0.57735]], [[0.0, 0.0, 1.0], [-1.0, -0.0, 0.0], [0.0, 1.0, 0.0]], [[-0.707107, -0.0, 0.707107], [-0.0, -0.707107, 0.707106], [0.707107, 0.0, 0.707107], [0.707107, -0.707107, 0.0], [0.707107, 0.707107, 0.0], [-0.0, -0.707107, -0.707107]]], "SALCS": {"A1g": {"2s": [6.0, 6.0, 6.0, 6.0, 6.0, 6.0, 6.0, 6.0, 0.0, 0.0, 0.0, 0.0, 0.0, 0.0, 0.0, 0.0], "x": [-1.999999, 2.000004, -2.0, 1.999996, -2.0, 2.0, -1.999999, 2.000002, 0.0, 0.0, 0.0, 0.0, 0.0, 0.0, 0.0, 0.0], "y": [1.999998, 1.999996, -1.999999, -1.999999, 2.0, 1.999999, -1.999998, -1.999999, 0.0, 0.0, 0.0, 0.0, 0.0, 0.0, 0.0, 0.0], "z": [2.000001, 2.0, 2.0, 2.000003, -1.999999, -1.999999, -2.000002, -2.000002, 0.0, 0.0, 0.0, 0.0, 0.0, 0.0, 0.0, 0.0]}, "Eg+": {"2s": [0.0, 0.0, 0.0, 0.0, 0.0, 0.0, 0.0, 0.0, 0.0, 0.0, 0.0, 0.0, 0.0, 0.0, 0.0, 0.0], "x": [-0.0, 3.999994, -4e-06, 4.000008, -4.0, 0.0, -4.000002, -1e-06, 0.0, 0.0, 0.0, 0.0, 0.0, 0.0, 0.0, 0.0], "y": [4.000003, 1e-06, 1e-06, -4.000002, 4.0, 0.0, 2e-06, -4.000003, 0.0, 0.0, 0.0, 0.0, 0.0, 0.0, 0.0, 0.0], "z": [-2e-06, 3e-06, 4.000001, 3.999994, -4.000003, -4.0, 0.0, 2e-06, 0.0, 0.0, 0.0, 0.0, 0.0, 0.0, 0.0, 0.0]}, "Eg-": {"2s": [0.0, 0.0, 0.0, 0.0, 0.0, 0.0, 0.0, 0.0, 0.0, 0.0, 0.0, 0.0, 0.0, 0.0, 0.0, 0.0], "x": [-4.000002, -3e-06, -3.999995, 0.0, 0.0, 4.000001, 0.0, 3.999998, 0.0, 0.0, 0.0, 0.0, 0.0, 0.0, 0.0, 0.0], "y": [2e-06, 4.000004, -4.000004, 0.0, 0.0, 4.000001, -4.000003, 0.0, 0.0, 0.0, 0.0, 0.0, 0.0, 0.0, 0.0, 0.0], "z": [4.0, 3.999999, -1e-06, 0.0, 0.0, -2e-06, -3.999998, -3.999998, 0.0, 0.0, 0.0, 0.0, 0.0, 0.0, 0.0, 0.0]}, "T1g12": {"2s": [0.0, 0.0, 0.0, 0.0, 0.0, 0.0, 0.0, 0.0, 0.0, 0.0, 0.0, 0.0, 0.0, 0.0, 0.0, 0.0], "x": [0.5, 0.5, 0.0, -0.0, 0.0, -0.0, -0.5, -0.5, 0.0, 0.0, 0.0, 0.0, 0.0, 0.0, 0.0, 0.0], "y": [-0.0, 0.5, 0.0, 0.5, -0.5, -0.0, -0.5, 0.0, 0.0, 0.0, 0.0, 0.0, 0.0, 0.0, 0.0, 0.0], "z": [-0.0, 0.5, -0.5, -0.0, 0.0, 0.5, -0.5, 0.0, 0.0, 0.0, 0.0, 0.0, 0.0, 0.0, 0.0, 0.0]}, "T1g13": {"2s": [0.0, 0.0, 0.0, 0.0, 0.0, 0.0, 0.0, 0.0, 0.0, 0.0, 0.0, 0.0, 0.0, 0.0, 0.0, 0.0], "x": [0.288675, -0.288675, 0.57735, -0.0, 0.0, -0.57735, 0.288675, -0.288675, 0.0, 0.0, 0.0, 0.0, 0.0, 0.0, 0.0, 0.0], "y": [-0.0, -0.288675, 0.57735, 0.288675, -0.288675, -0.57735, 0.288675, 0.0, 0.0, 0.0, 0.0, 0.0, 0.0, 0.0, 0.0, 0.0], "z": [0.57735, 0.288675, 0.288675, -0.0, 0.0, -0.288675, -0.288675, -0.57735, 0.0, 0.0, 0.0, 0.0, 0.0, 0.0, 0.0, 0.0]}, "T1g23": {"2s": [0.0, 0.0, 0.0, 0.0, 0.0, 0.0, 0.0, 0.0, 0.0, 0.0, 0.0, 0.0, 0.0, 0.0, 0.0, 0.0], "x": [-0.109517, 0.487858, 0.487858, -0.109525, 0.487859, -0.109517, -0.109517, 0.487858, 0.0, 0.0, 0.0, 0.0, 0.0, 0.0, 0.0, 0.0], "y": [-0.612373, -0.204124, -0.204124, 0.204124, -0.204124, 0.204124, 0.204124, 0.612372, 0.0, 0.0, 0.0, 0.0, 0.0, 0.0, 0.0, 0.0], "z": [0.446085, -0.342453, -0.342453, -0.049562, 0.220787, 0.446085, 0.446085, -0.342452, 0.0, 0.0, 0.0, 0.0, 0.0, 0.0, 0.0, 0.0]}, "T2g12": {"2s": [-0.204124, 0.612372, -0.204124, -0.204124, -0.204124, -0.204124, 0.612372, -0.204124, 0.0, 0.0, 0.0, 0.0, 0.0, 0.0, 0.0, 0.0], "x": [-0.0, 0.57735, 0.288675, -0.288675, 0.288675, -0.288675, -0.57735, -0.0, 0.0, 0.0, 0.0, 0.0, 0.0, 0.0, 0.0, 0.0], "y": [-0.288675, 0.57735, 0.288675, -0.0, -0.0, -0.288675, -0.57735, 0.288675, 0.0, 0.0, 0.0, 0.0, 0.0, 0.0, 0.0, 0.0], "z": [-0.288675, 0.57735, -0.0, -0.288675, 0.288675, -0.0, -0.57735, 0.288675, 0.0, 0.0, 0.0, 0.0, 0.0, 0.0, 0.0, 0.0]}, "T2g13": {"2s": [-0.288675, 0.0, 0.57735, -0.288675, -0.288675, 0.57735, 0.0, -0.288675, 0.0, 0.0, 0.0, 0.0, 0.0, 0.0, 0.0, 0.0], "x": [-0.333333, -0.333333, 0.5, -0.166667, 0.166667, -0.5, 0.333333, 0.333333, 0.0, 0.0, 0.0, 0.0, 0.0, 0.0, 0.0, 0.0], "y": [-0.087039, -0.348155, 0.609272, -0.0, -0.0, -0.609272, 0.348155, 0.087039, 0.0, 0.0, 0.0, 0.0, 0.0, 0.0, 0.0, 0.0], "z": [0.166667, -0.0, 0.666667, -0.166667, 0.166667, -0.666667, 0.0, -0.166667, 0.0, 0.0, 0.0, 0.0, 0.0, 0.0, 0.0, 0.0]}, "T2g23": {"2s": [0.5, 0.0, -0.0, -0.5, -0.5, -0.0, 0.0, 0.5, 0.0, 0.0, 0.0, 0.0, 0.0, 0.0, 0.0, 0.0], "x": [-0.589256, 0.117851, -0.353553, -0.117851, 0.117851, 0.353553, -0.117851, 0.589256, 0.0, 0.0, 0.0, 0.0, 0.0, 0.0, 0.0, 0.0], "y": [-0.639602, -0.213201, -0.213201, -0.0, -0.0, 0.213201, 0.213201, 0.639602, 0.0, 0.0, 0.0, 0.0, 0.0, 0.0, 0.0, 0.0], "z": [-0.589256, -0.353553, 0.117851, -0.117851, 0.117851, -0.117851, 0.353553, 0.589256, 0.0, 0.0, 0.0, 0.0, 0.0, 0.0, 0.0, 0.0]}, "A2u": {"2s": [-6.0, 6.0, 6.0, -6.0, 6.0, -6.0, -6.0, 6.0, 0.0, 0.0, 0.0, 0.0, 0.0, 0.0, 0.0, 0.0], "x": [1.999999, 2.000004, -2.0, -1.999996, -2.0, -2.0, 1.999999, 2.000002, 0.0, 0.0, 0.0, 0.0, 0.0, 0.0, 0.0, 0.0], "y": [-1.999998, 1.999996, -1.999999, 1.999999, 2.0, -1.999999, 1.999998, -1.999999, 0.0, 0.0, 0.0, 0.0, 0.0, 0.0, 0.0, 0.0], "z": [-2.000001, 2.0, 2.0, -2.000003, -1.999999, 1.999999, 2.000002, -2.000002, 0.0, 0.0, 0.0, 0.0, 0.0, 0.0, 0.0, 0.0]}, "Eu+": {"2s": [0.0, 0.0, 0.0, 0.0, 0.0, 0.0, 0.0, 0.0, 0.0, 0.0, 0.0, 0.0, 0.0, 0.0, 0.0, 0.0], "x": [0.0, 3.999994, -4e-06, -4.000008, -4.0, -0.0, 4.000002, -1e-06, 0.0, 0.0, 0.0, 0.0, 0.0, 0.0, 0.0, 0.0], "y": [-4.000003, 1e-06, 1e-06, 4.000002, 4.0, -0.0, -2e-06, -4.000003, 0.0, 0.0, 0.0, 0.0, 0.0, 0.0, 0.0, 0.0], "z": [2e-06, 3e-06, 4.000001, -3.999994, -4.000003, 4.0, -0.0, 2e-06, 0.0, 0.0, 0.0, 0.0, 0.0, 0.0, 0.0, 0.0]}, "Eu-": {"2s": [0.0, 0.0, 0.0, 0.0, 0.0, 0.0, 0.0, 0.0, 0.0, 0.0, 0.0, 0.0, 0.0, 0.0, 0.0, 0.0], "x": [4.000002, -3e-06, -3.999995, 0.0, 0.0, -4.000001, -0.0, 3.999998, 0.0, 0.0, 0.0, 0.0, 0.0, 0.0, 0.0, 0.0], "y": [-2e-06, 4.000004, -4.000004, 0.0, 0.0, -4.000001, 4.000003, 0.0, 0.0, 0.0, 0.0, 0.0, 0.0, 0.0, 0.0, 0.0], "z": [-4.0, 3.999999, -1e-06, 0.0, 0.0, 2e-06, 3.999998, -3.999998, 0.0, 0.0, 0.0, 0.0, 0.0, 0.0, 0.0, 0.0]}, "T1u12": {"2s": [0.204124, 0.612372, -0.204124, 0.204124, -0.204124, 0.204124, -0.612372, -0.204124, 0.0, 0.0, 0.0, 0.0, 0.0, 0.0, 0.0, 0.0], "x": [0.0, 0.57735, 0.288675, 0.288675, 0.288675, 0.288675, 0.57735, -0.0, 0.0, 0.0, 0.0, 0.0, 0.0, 0.0, 0.0, 0.0], "y": [0.288675, 0.57735, 0.288675, 0.0, -0.0, 0.288675, 0.57735, 0.288675, 0.0, 0.0, 0.0, 0.0, 0.0, 0.0, 0.0, 0.0], "z": [0.288675, 0.57735, -0.0, 0.288675, 0.288675, 0.0, 0.57735, 0.288675, 0.0, 0.0, 0.0, 0.0, 0.0, 0.0, 0.0, 0.0]}, "T1u13": {"2s": [0.288675, 0.0, 0.57735, 0.288675, -0.288675, -0.57735, 0.0, -0.288675, 0.0, 0.0, 0.0, 0.0, 0.0, 0.0, 0.0, 0.0], "x": [0.333333, -0.333333, 0.5, 0.166667, 0.166667, 0.5, -0.333333, 0.333333, 0.0, 0.0, 0.0, 0.0, 0.0, 0.0, 0.0, 0.0],