{"name": "Ethane(eclipsed)", "target_directory": "Animation_files_ethane(eclipsed)", "xyz": ["xyz_files", "ethane(eclipsed).xyz"], "point_group": "D3h", "mirror_options": {"vertices": 32}, "rotation_axis_options": {"depth": 3}, "resolution_x": 512, "resolution_y": 512, "samples": 60, "camera_matrix": [[0.9791, -0.1222, 0.1626, 2.052], [0.2034, 0.5883, -0.7826, -9.8794], [0.0, 0.7993, 0.6009, 7.5641], [0.0, 0.0, 0.0, 1.0]], "angles": [6.283185307179586, 2.0943951023931953, 3.141592653589793, 6.283185307179586, 2.0943951023931953, 6.283185307179586], "normals": [[], [[0.0, 0.0, 1.0], [0, 0, -1.0]], [[1.0, -0.000105, -0.000849], [0.500092, 0.865971, 0.001099], [-0.499908, 0.866077, 0.001707]], [[0.0, 0.0, -1.0]], [[0.0, 0.0, 1.0], [0.0, 0.0, -1.0]], [[-0.866077, -0.49991, 2e-06], [0.000107, 1.0, 0.001479], [-0.865972, 0.500091, 0.001483]]], "SALCS": {"A'1": {"2s": [0.0, 0.0, 2.0, 2.0, 2.0, 2.0, 2.0, 2.0], "x": [0.0, 0.0, 2.0, -0.999814, -1.000179, 1.999999, -1.000184, -0.999815], "y": [0.0, 0.0, 4e-06, -0.000182, 0.00018, 0.0, 0.000178, -0.000187], "z": [0.0, 0.0, 1.999996, 1.999996, 2.0, -1.999999, -1.999994, -1.999998]}, "A'2": {"2s": [0.0, 0.0, 0.0, 0.0, 0.0, 0.0, 0.0, 0.0], "x": [0.0, 0.0, 0.0, -0.000186, 0.00018, 1e-06, 0.000184, -0.000184], "y": [0.0, 0.0, 1.999996, -0.999818, -1.000179, 2.0, -1.000178, -0.999813], "z": [0.0, 0.0, 4e-06, 4e-06, 0.0, -1e-06, -6e-06, -2e-06]}, "E'+": {"2s": [0.0, 0.0, 1.0, -2.0, 1.0, 1.0, 1.0, -2.0], "x": [0.0, 0.0, 2.5, 1.0, 2.5, 2.5, 2.5, 1.0], "y": [0.0, 0.0, 2.5, 1.0, 2.5, 2.5, 2.5, 1.0], "z": [0.0, 0.0, 1.0, -2.0, 1.0, -1.0, -1.0, 2.0]}, "E'-": {"2s": [0.0, 0.0, 3.0, 0.0, -3.0, 3.0, -3.0, 0.0], "x": [0.0, 0.0, 1.5, 0.0, -1.5, 1.5, -1.5, 0.0], "y": [0.0, 0.0, 1.5, 0.0, -1.5, 1.5, -1.5, 0.0], "z": [0.0, 0.0, 3.0, 0.0, -3.0, -3.0, 3.0, 0.0]}, "A''1": {"2s": [0.0, 0.0, 0.0, 0.0, 0.0, 0.0, 0.0, 0.0], "x": [0.0, 0.0, 0.0, -0.000186, 0.00018, -1e-06, -0.000184, 0.000184], "y": [0.0, 0.0, 1.999996, -0.999818, -1.000179, -2.0, 1.000178, 0.999813], "z": [0.0, 0.0, 4e-06, 4e-06, 0.0, 1e-06, 6e-06, 2e-06]}, "A''2": {"2s": [0.0, 0.0, 2.0, 2.0, 2.0, -2.0, -2.0, -2.0], "x": [0.0, 0.0, 2.0, -0.999814, -1.000179, -1.999999, 1.000184, 0.999815], "y": [0.0, 0.0, 4e-06, -0.000182, 0.00018, 0.0, -0.000178, 0.000187], "z": [0.0, 0.0, 1.999996, 1.999996, 2.0, 1.999999, 1.999994, 1.999998]}, "E''+": {"2s": [0.0, 0.0, 1.0, -2.0, 1.0, -1.0, -1.0, 2.0], "x": [0.0, 0.0, 2.5, 1.0, 2.5, -2.5, -2.5, -1.0], "y": [0.0, 0.0, 2.5, 1.0, 2.5, -2.5, -2.5, -1.0], "z": [0.0, 0.0, 1.0, -2.0, 1.0, 1.0, 1.0, -2.0]}, "E''-": {"2s": [0.0, 0.0, 3.0, 0.0, -3.0, -3.0, 3.0, 0.0], "x": [0.0, 0.0, 1.5, 0.0, -1.5, -1.5, 1.5, 0.0], "y": [0.0, 0.0, 1.5, 0.0, -1.5, -1.5, 1.5, 0.0], "z": [0.0, 0.0, 3.0, 0.0, -3.0, 3.0, -3.0, 0.0]}}, "focal_length": 110.0}