{"xyz": ["xyz_files", "cyclooctatetraene_dianion.xyz"], "normals": [[], [[0.0, 0.0, 1.0], [0.0, 0.0, -1.0]], [[0.0, 0.0, 1.0], [0.0, 0.0, -1.0]], [[0.0, 0.0, 1.0], [0.0, 0.0, -1.0]], [[0.0, 0.0, -1.0]], [[3.9405651125308116e-08, -1.0, 2.2863227571706114e-07], [0.7071067489831036, -0.7071068133899869, 6.632084719720629e-08], [1.0, 7.520749332122324e-08, -1.8605601209125782e-07], [0.7071067471539673, 0.7071068152191243, 4.842097205953388e-08]], [[-0.9238797281471883, -0.3826829600566436, -9.811872693718027e-07], [0.3826833046308808, -0.9238795854203116, 6.177806924413585e-07], [0.9238797251705712, -0.3826829672440919, 8.466764584453068e-08], [0.3826835515692392, 0.923879483135275, 2.245796100809899e-07]], [], [[0.0, 0.0, 1.0], [0.0, 0.0, -1.0]], [[0.0, 0.0, 1.0], [0.0, 0.0, -1.0]], [[0.0, 0.0, 1.0], [0.0, 0.0, -1.0]], [[0.0, 0.0, -1.0]], [[3.9405651125308116e-08, -1.0, 2.2863227571706114e-07], [0.7071067489831036, -0.7071068133899869, 6.632084719720629e-08], [1.0, 7.520749332122324e-08, -1.8605601209125782e-07], [0.7071067471539673, 0.7071068152191243, 4.842097205953388e-08]], [[-0.9238797281471883, -0.3826829600566436, -9.811872693718027e-07], [0.3826833046308808, -0.9238795854203116, 6.177806924413585e-07], [0.9238797251705712, -0.3826829672440919, 8.466764584453068e-08], [0.3826835515692392, 0.923879483135275, 2.245796100809899e-07]]], "angles": [6.283185307179586, 0.7853981633974483, 2.356194490192345, 1.5707963267948966, 3.141592653589793, 3.141592653589793, 3.141592653589793, 6.283185307179586, 2.356194490192345, 0.7853981633974483, 1.5707963267948966, 6.283185307179586, 6.283185307179586, 6.283185307179586], "point_group": "D8h", "mirror_options": {"vertices": 32}, "camera_matrix": [[0.856, -0.2543, 0.4502, 4.7052], [0.517, 0.4211, -0.7453, -7.9936], [-0.0, 0.8706, 0.4919, 5.2775], [0.0, 0.0, 0.0, 1.0]], "target_directory": "Animation_files_cyclooctatetraene_dianion", "resolution_x": 512, "resolution_y": 512, "samples": 60, "more_options": {"options": "options"}, "SALCS": {"A1g": {"2s": [4.0, 4.0, 4.0, 4.0, 4.0, 4.0, 4.0, 4.0, 0.0, 0.0, 0.0, 0.0, 0.0, 0.0, 0.0, 0.0], "x": [2.828428, 2.0, -1e-06, -2.0, -2.828428, -2.0, 1e-06, 2.0, 0.0, 0.0, 0.0, 0.0, 0.0, 0.0, 0.0, 0.0], "y": [-1e-06, 2.0, 2.828428, 2.0, 0.0, -2.0, -2.828428, -2.0, 0.0, 0.0, 0.0, 0.0, 0.0, 0.0, 0.0, 0.0], "z": [0.0, 0.0, 0.0, 0.0, 0.0, 0.0, 0.0, 0.0, 0.0, 0.0, 0.0, 0.0, 0.0, 0.0, 0.0, 0.0]}, "A2g": {"2s": [0.0, 0.0, 0.0, 0.0, 0.0, 0.0, 0.0, 0.0, 0.0, 0.0, 0.0, 0.0, 0.0, 0.0, 0.0, 0.0], "x": [-1e-06, 2.0, 2.828428, 2.0, 0.0, -2.0, -2.828428, -2.0, 0.0, 0.0, 0.0, 0.0, 0.0, 0.0, 0.0, 0.0], "y": [2.828428, 2.0, -1e-06, -2.0, -2.828428, -2.0, 1e-06, 2.0, 0.0, 0.0, 0.0, 0.0, 0.0, 0.0, 0.0, 0.0], "z": [0.0, 0.0, 0.0, 0.0, 0.0, 0.0, 0.0, 0.0, 0.0, 0.0, 0.0, 0.0, 0.0, 0.0, 0.0, 0.0]}, "B1g": {"2s": [-4.0, 4.0, -4.0, 4.0, -4.0, 4.0, -4.0, 4.0, 0.0, 0.0, 0.0, 0.0, 0.0, 0.0, 0.0, 0.0], "x": [-2.828428, 2.0, 1e-06, -2.0, 2.828428, -2.0, -1e-06, 2.0, 0.0, 0.0, 0.0, 0.0, 0.0, 0.0, 0.0, 0.0], "y": [1e-06, 2.0, -2.828428, 2.0, -0.0, -2.0, 2.828428, -2.0, 0.0, 0.0, 0.0, 0.0, 0.0, 0.0, 0.0, 0.0], "z": [0.0, 0.0, 0.0, 0.0, 0.0, 0.0, 0.0, 0.0, 0.0, 0.0, 0.0, 0.0, 0.0, 0.0, 0.0, 0.0]}, "B2g": {"2s": [0.0, 0.0, 0.0, 0.0, 0.0, 0.0, 0.0, 0.0, 0.0, 0.0, 0.0, 0.0, 0.0, 0.0, 0.0, 0.0], "x": [1e-06, 2.0, -2.828428, 2.0, -0.0, -2.0, 2.828428, -2.0, 0.0, 0.0, 0.0, 0.0, 0.0, 0.0, 0.0, 0.0], "y": [-2.828428, 2.0, 1e-06, -2.0, 2.828428, -2.0, -1e-06, 2.0, 0.0, 0.0, 0.0, 0.0, 0.0, 0.0, 0.0, 0.0], "z": [0.0, 0.0, 0.0, 0.0, 0.0, 0.0, 0.0, 0.0, 0.0, 0.0, 0.0, 0.0, 0.0, 0.0, 0.0, 0.0]}, "E1g+": {"2s": [0.0, 0.0, 0.0, 0.0, 0.0, 0.0, 0.0, 0.0, 0.0, 0.0, 0.0, 0.0, 0.0, 0.0, 0.0, 0.0], "x": [0.0, 0.0, 0.0, 0.0, 0.0, 0.0, 0.0, 0.0, 0.0, 0.0, 0.0, 0.0, 0.0, 0.0, 0.0, 0.0], "y": [0.0, 0.0, 0.0, 0.0, 0.0, 0.0, 0.0, 0.0, 0.0, 0.0, 0.0, 0.0, 0.0, 0.0, 0.0, 0.0], "z": [8.0, 12.0, 12.0, 8.0, -8.0, -12.0, -12.0, -8.0, 0.0, 0.0, 0.0, 0.0, 0.0, 0.0, 0.0, 0.0]}, "E1g-": {"2s": [0.0, 0.0, 0.0, 0.0, 0.0, 0.0, 0.0, 0.0, 0.0, 0.0, 0.0, 0.0, 0.0, 0.0, 0.0, 0.0], "x": [0.0, 0.0, 0.0, 0.0, 0.0, 0.0, 0.0, 0.0, 0.0, 0.0, 0.0, 0.0, 0.0, 0.0, 0.0, 0.0], "y": [0.0, 0.0, 0.0, 0.0, 0.0, 0.0, 0.0, 0.0, 0.0, 0.0, 0.0, 0.0, 0.0, 0.0, 0.0, 0.0], "z": [8.0, -4.0, 4.0, -8.0, -8.0, 4.0, -4.0, 8.0, 0.0, 0.0, 0.0, 0.0, 0.0, 0.0, 0.0, 0.0]}, "E2g+": {"2s": [-4.0, 4.0, 4.0, -4.0, -4.0, 4.0, 4.0, -4.0, 0.0, 0.0, 0.0, 0.0, 0.0, 0.0, 0.0, 0.0], "x": [-0.0, 4.0, 4.0, -0.0, -0.0, -4.0, -4.0, -0.0, 0.0, 0.0, 0.0, 0.0, 0.0, 0.0, 0.0, 0.0], "y": [-0.0, 4.0, 4.0, -0.0, -0.0, -4.0, -4.0, -0.0, 0.0, 0.0, 0.0, 0.0, 0.0, 0.0, 0.0, 0.0], "z": [0.0, 0.0, 0.0, 0.0, 0.0, 0.0, 0.0, 0.0, 0.0, 0.0, 0.0, 0.0, 0.0, 0.0, 0.0, 0.0]}, "E2g-": {"2s": [4.0, 4.0, -4.0, -4.0, 4.0, 4.0, -4.0, -4.0, 0.0, 0.0, 0.0, 0.0, 0.0, 0.0, 0.0, 0.0], "x": [0.0, 4.0, -4.0, -0.0, 0.0, -4.0, 4.0, -0.0, 0.0, 0.0, 0.0, 0.0, 0.0, 0.0, 0.0, 0.0], "y": [0.0, 4.0, -4.0, -0.0, 0.0, -4.0, 4.0, -0.0, 0.0, 0.0, 0.0, 0.0, 0.0, 0.0, 0.0, 0.0], "z": [0.0, 0.0, 0.0, 0.0, 0.0, 0.0, 0.0, 0.0, 0.0, 0.0, 0.0, 0.0, 0.0, 0.0, 0.0, 0.0]}, "E3g+": {"2s": [0.0, 0.0, 0.0, 0.0, 0.0, 0.0, 0.0, 0.0, 0.0, 0.0, 0.0, 0.0, 0.0, 0.0, 0.0, 0.0], "x": [0.0, 0.0, 0.0, 0.0, 0.0, 0.0, 0.0, 0.0, 0.0, 0.0, 0.0, 0.0, 0.0, 0.0, 0.0, 0.0], "y": [0.0, 0.0, 0.0, 0.0, 0.0, 0.0, 0.0, 0.0, 0.0, 0.0, 0.0, 0.0, 0.0, 0.0, 0.0, 0.0], "z": [-8.0, -4.0, -4.0, -8.0, 8.0, 4.0, 4.0, 8.0, 0.0, 0.0, 0.0, 0.0, 0.0, 0.0, 0.0, 0.0]}, "E3g-": {"2s": [0.0, 0.0, 0.0, 0.0, 0.0, 0.0, 0.0, 0.0, 0.0, 0.0, 0.0, 0.0, 0.0, 0.0, 0.0, 0.0], "x": [0.0, 0.0, 0.0, 0.0, 0.0, 0.0, 0.0, 0.0, 0.0, 0.0, 0.0, 0.0, 0.0, 0.0, 0.0, 0.0], "y": [0.0, 0.0, 0.0, 0.0, 0.0, 0.0, 0.0, 0.0, 0.0, 0.0, 0.0, 0.0, 0.0, 0.0, 0.0, 0.0], "z": [-8.0, 12.0, -12.0, 8.0, 8.0, -12.0, 12.0, -8.0, 0.0, 0.0, 0.0, 0.0, 0.0, 0.0, 0.0, 0.0]}, "A2u": {"2s": [0.0, 0.0, 0.0, 0.0, 0.0, 0.0, 0.0, 0.0, 0.0, 0.0, 0.0, 0.0, 0.0, 0.0, 0.0, 0.0], "x": [-1e-06, 0.0, -1e-06, 0.0, -1e-06, 0.0, -1e-06, 0.0, 0.0, 0.0, 0.0, 0.0, 0.0, 0.0, 0.0, 0.0], "y": [1e-06, -0.0, 1e-06, 0.0, 1e-06, -0.0, 1e-06, 0.0, 0.0, 0.0, 0.0, 0.0, 0.0, 0.0, 0.0, 0.0], "z": [4.0, 4.0, 4.0, 4.0, 4.0, 4.0, 4.0, 4.0, 0.0, 0.0, 0.0, 0.0, 0.0, 0.0, 0.0, 0.0]}, "B2u": {"2s": [0.0, 0.0, 0.0, 0.0, 0.0, 0.0, 0.0, 0.0, 0.0, 0.0, 0.0, 0.0, 0.0, 0.0, 0.0, 0.0], "x": [1e-06, 0.0, 1e-06, 0.0, 1e-06, 0.0, 1e-06, 0.0, 0.0, 0.0, 0.0, 0.0, 0.0, 0.0, 0.0, 0.0], "y": [-1e-06, -0.0, -1e-06, 0.0, -1e-06, -0.0, -1e-06, 0.0, 0.0, 0.0, 0.0, 0.0, 0.0, 0.0, 0.0, 0.0], "z": [-4.0, 4.0, -4.0, 4.0, -4.0, 4.0, -4.0, 4.0, 0.0, 0.0, 0.0, 0.0, 0.0, 0.0, 0.0, 0.0]}, "E1u+": {"2s": [8.0, 12.0, 12.0, 8.0, -8.0, -12.0, -12.0, -8.0, 0.0, 0.0, 0.0, 0.0, 0.0, 0.0, 0.0, 0.0], "x": [5.656854, 9.656854, 9.656854, 5.656854, 5.656856, 9.656856, 9.656856, 5.656856, 0.0, 0.0, 0.0, 0.0, 0.0, 0.0, 0.0, 0.0], "y": [5.656854, 9.656854, 9.656854, 5.656854, 5.656856, 9.656856, 9.656856, 5.656856, 0.0, 0.0, 0.0, 0.0, 0.0, 0.0, 0.0, 0.0], "z": [0.0, 0.0, 0.0, 0.0, 0.0, 0.0, 0.0, 0.0, 0.0, 0.0, 0.0, 0.0, 0.0, 0.0, 0.0, 0.0]}, "E1u-": {"2s": [8.0, -4.0, 4.0, -8.0, -8.0, 4.0, -4.0, 8.0, 0.0, 0.0, 0.0, 0.0, 0.0, 0.0, 0.0, 0.0], "x": [5.656854, -1.656854, 1.656854, -5.656854, 5.656856, -1.656856, 1.656856, -5.656856, 0.0, 0.0, 0.0, 0.0, 0.0, 0.0, 0.0, 0.0], "y": [5.656854, -1.656854, 1.656854, -5.656854, 5.656856, -1.656856, 1.656856, -5.656856, 0.0, 0.0, 0.0, 0.0, 0.0, 0.0, 0.0, 0.0], "z": [0.0, 0.0, 0.0, 0.0, 0.0, 0.0, 0.0, 0.0, 0.0, 0.0, 0.0, 0.0, 0.0, 0.0, 0.0, 0.0]}, "E2u+": {"2s": [0.0, 0.0, 0.0, 0.0, 0.0, 0.0, 0.0, 0.0, 0.0, 0.0, 0.0, 0.0, 0.0, 0.0, 0.0, 0.0], "x": [0.0, 0.0, 0.0, 0.0, 0.0, 0.0, 0.0, 0.0, 0.0, 0.0, 0.0, 0.0, 0.0, 0.0, 0.0, 0.0], "y": [0.0, 0.0, 0.0, 0.0, 0.0, 0.0, 0.0, 0.0, 0.0, 0.0, 0.0, 0.0, 0.0, 0.0, 0.0, 0.0], "z": [-4.0, 4.0, 4.0, -4.0, -4.0, 4.0, 4.0, -4.0, 0.0, 0.0, 0.0, 0.0, 0.0, 0.0, 0.0, 0.0]}, "E2u-": {"2s": [0.0, 0.0, 0.0, 0.0, 0.0, 0.0, 0.0, 0.0, 0.0, 0.0, 0.0, 0.0, 0.0, 0.0, 0.0, 0.0], "x": [0.0, 0.0, 0.0, 0.0, 0.0, 0.0, 0.0, 0.0, 0.0, 0.0, 0.0, 0.0, 0.0, 0.0, 0.0, 0.0],