{"xyz": ["xyz_files", "uranocene.xyz"], "normals": [[], [[0.0, 0.0, 1.0], [0.0, 0.0, -1.0]], [[0.0, 0.0, 1.0], [0.0, 0.0, -1.0]], [[0.0, 0.0, 1.0], [0.0, 0.0, -1.0]], [[0.0, 0.0, -1.0]], [[3.9405651125308116e-08, -1.0, 2.2863227571706114e-07], [0.7071067489831036, -0.7071068133899869, 6.632084719720629e-08], [1.0, 7.520749332122324e-08, -1.8605601209125782e-07], [0.7071067471539673, 0.7071068152191243, 4.842097205953388e-08]], [[-0.9238797281471883, -0.3826829600566436, -9.811872693718027e-07], [0.3826833046308808, -0.9238795854203116, 6.177806924413585e-07], [0.9238797251705712, -0.3826829672440919, 8.466764584453068e-08], [0.3826835515692392, 0.923879483135275, 2.245796100809899e-07]], [], [[0.0, 0.0, 1.0], [0.0, 0.0, -1.0]], [[0.0, 0.0, 1.0], [0.0, 0.0, -1.0]], [[0.0, 0.0, 1.0], [0.0, 0.0, -1.0]], [[0.0, 0.0, -1.0]], [[3.9405651125308116e-08, -1.0, 2.2863227571706114e-07], [0.7071067489831036, -0.7071068133899869, 6.632084719720629e-08], [1.0, 7.520749332122324e-08, -1.8605601209125782e-07], [0.7071067471539673, 0.7071068152191243, 4.842097205953388e-08]], [[-0.9238797281471883, -0.3826829600566436, -9.811872693718027e-07], [0.3826833046308808, -0.9238795854203116, 6.177806924413585e-07], [0.9238797251705712, -0.3826829672440919, 8.466764584453068e-08], [0.3826835515692392, 0.923879483135275, 2.245796100809899e-07]]], "angles": [6.283185307179586, 0.7853981633974483, 2.356194490192345, 1.5707963267948966, 3.141592653589793, 3.141592653589793, 3.141592653589793, 6.283185307179586, 2.356194490192345, 0.7853981633974483, 1.5707963267948966, 6.283185307179586, 6.283185307179586, 6.283185307179586], "point_group": "D8h", "mirror_options": {"vertices": 32, "radius": 4}, "camera_matrix": [[0.548, 0.283, -0.7872, -11.2349], [-0.8365, 0.1854, -0.5156, -7.282], [-0.0, 0.9411, 0.3383, 4.8623], [0.0, 0.0, 0.0, 1.0]], "target_directory": "Animation_files_uranocene", "resolution_x": 512, "resolution_y": 512, "samples": 60, "more_options": {"options": "options"}, "SALCS": {"A1g": {"2s": [0.0, 2.0, 2.0, 2.0, 2.0, 2.0, 2.0, 2.0, 2.0, 0.0, 0.0, 0.0, 0.0, 0.0, 0.0, 0.0, 0.0, 2.0, 2.0, 2.0, 2.0, 2.0, 2.0, 2.0, 2.0, 0.0, 0.0, 0.0, 0.0, 0.0, 0.0, 0.0, 0.0], "x": [0.0, 2.0, 1.414213, 0.0, -1.414214, -2.0, -1.414214, 0.0, 1.414214, 0.0, 0.0, 0.0, 0.0, 0.0, 0.0, 0.0, 0.0, 2.0, 1.414214, 0.0, -1.414214, -2.0, -1.414214, 0.0, 1.414214, 0.0, 0.0, 0.0, 0.0, 0.0, 0.0, 0.0, 0.0], "y": [0.0, 0.0, 0.0, -0.0, 1e-06, 0.0, 1e-06, -0.0, -0.0, 0.0, 0.0, 0.0, 0.0, 0.0, 0.0, 0.0, 0.0, 0.0, -1e-06, 0.0, -0.0, 0.0, 0.0, 0.0, -1e-06, 0.0, 0.0, 0.0, 0.0, 0.0, 0.0, 0.0, 0.0], "z": [0.0, 2.0, 2.0, 2.0, 2.0, 2.0, 2.0, 2.0, 2.0, 0.0, 0.0, 0.0, 0.0, 0.0, 0.0, 0.0, 0.0, -2.0, -2.0, -2.0, -2.0, -2.0, -2.0, -2.0, -2.0, 0.0, 0.0, 0.0, 0.0, 0.0, 0.0, 0.0, 0.0]}, "A2g": {"2s": [0.0, 0.0, 0.0, 0.0, 0.0, 0.0, 0.0, 0.0, 0.0, 0.0, 0.0, 0.0, 0.0, 0.0, 0.0, 0.0, 0.0, 0.0, 0.0, 0.0, 0.0, 0.0, 0.0, 0.0, 0.0, 0.0, 0.0, 0.0, 0.0, 0.0, 0.0, 0.0, 0.0], "x": [0.0, 0.0, 0.0, 0.0, 1e-06, 0.0, 1e-06, 0.0, -0.0, 0.0, 0.0, 0.0, 0.0, 0.0, 0.0, 0.0, 0.0, 0.0, -1e-06, 0.0, -0.0, 0.0, 0.0, 0.0, -1e-06, 0.0, 0.0, 0.0, 0.0, 0.0, 0.0, 0.0, 0.0], "y": [0.0, 2.0, 1.414213, 0.0, -1.414214, -2.0, -1.414214, 0.0, 1.414214, 0.0, 0.0, 0.0, 0.0, 0.0, 0.0, 0.0, 0.0, 2.0, 1.414214, -0.0, -1.414214, -2.0, -1.414214, -0.0, 1.414214, 0.0, 0.0, 0.0, 0.0, 0.0, 0.0, 0.0, 0.0], "z": [0.0, 0.0, 0.0, 0.0, 0.0, 0.0, 0.0, 0.0, 0.0, 0.0, 0.0, 0.0, 0.0, 0.0, 0.0, 0.0, 0.0, 0.0, 0.0, 0.0, 0.0, 0.0, 0.0, 0.0, 0.0, 0.0, 0.0, 0.0, 0.0, 0.0, 0.0, 0.0, 0.0]}, "B1g": {"2s": [0.0, 2.0, -2.0, 2.0, -2.0, 2.0, -2.0, 2.0, -2.0, 0.0, 0.0, 0.0, 0.0, 0.0, 0.0, 0.0, 0.0, 2.0, -2.0, 2.0, -2.0, 2.0, -2.0, 2.0, -2.0, 0.0, 0.0, 0.0, 0.0, 0.0, 0.0, 0.0, 0.0], "x": [0.0, 2.0, -1.414213, 0.0, 1.414214, -2.0, 1.414214, 0.0, -1.414214, 0.0, 0.0, 0.0, 0.0, 0.0, 0.0, 0.0, 0.0, 2.0, -1.414214, 0.0, 1.414214, -2.0, 1.414214, 0.0, -1.414214, 0.0, 0.0, 0.0, 0.0, 0.0, 0.0, 0.0, 0.0], "y": [0.0, 0.0, 0.0, -0.0, -1e-06, 0.0, -1e-06, -0.0, 0.0, 0.0, 0.0, 0.0, 0.0, 0.0, 0.0, 0.0, 0.0, 0.0, 1e-06, 0.0, 0.0, 0.0, 0.0, 0.0, 1e-06, 0.0, 0.0, 0.0, 0.0, 0.0, 0.0, 0.0, 0.0], "z": [0.0, 2.0, -2.0, 2.0, -2.0, 2.0, -2.0, 2.0, -2.0, 0.0, 0.0, 0.0, 0.0, 0.0, 0.0, 0.0, 0.0, -2.0, 2.0, -2.0, 2.0, -2.0, 2.0, -2.0, 2.0, 0.0, 0.0, 0.0, 0.0, 0.0, 0.0, 0.0, 0.0]}, "B2g": {"2s": [0.0, 0.0, 0.0, 0.0, 0.0, 0.0, 0.0, 0.0, 0.0, 0.0, 0.0, 0.0, 0.0, 0.0, 0.0, 0.0, 0.0, 0.0, 0.0, 0.0, 0.0, 0.0, 0.0, 0.0, 0.0, 0.0, 0.0, 0.0, 0.0, 0.0, 0.0, 0.0, 0.0], "x": [0.0, 0.0, -0.0, 0.0, -1e-06, 0.0, -1e-06, 0.0, 0.0, 0.0, 0.0, 0.0, 0.0, 0.0, 0.0, 0.0, 0.0, 0.0, 1e-06, 0.0, 0.0, 0.0, 0.0, 0.0, 1e-06, 0.0, 0.0, 0.0, 0.0, 0.0, 0.0, 0.0, 0.0], "y": [0.0, 2.0, -1.414213, 0.0, 1.414214, -2.0, 1.414214, 0.0, -1.414214, 0.0, 0.0, 0.0, 0.0, 0.0, 0.0, 0.0, 0.0, 2.0, -1.414214, -0.0, 1.414214, -2.0, 1.414214, -0.0, -1.414214, 0.0, 0.0, 0.0, 0.0, 0.0, 0.0, 0.0, 0.0], "z": [0.0, 0.0, 0.0, 0.0, 0.0, 0.0, 0.0, 0.0, 0.0, 0.0, 0.0, 0.0, 0.0, 0.0, 0.0, 0.0, 0.0, 0.0, 0.0, 0.0, 0.0, 0.0, 0.0, 0.0, 0.0, 0.0, 0.0, 0.0, 0.0, 0.0, 0.0, 0.0, 0.0]}, "E1g+": {"2s": [0.0, 6.0, 6.0, 4.0, -4.0, -6.0, -6.0, -4.0, 4.0, 0.0, 0.0, 0.0, 0.0, 0.0, 0.0, 0.0, 0.0, -6.0, -4.0, 4.0, 6.0, 6.0, 4.0, -4.0, -6.0, 0.0, 0.0, 0.0, 0.0, 0.0, 0.0, 0.0, 0.0], "x": [0.0, 4.828427, 4.828427, 2.828427, 2.828428, 4.828428, 4.828428, 2.828428, 2.828427, 0.0, 0.0, 0.0, 0.0, 0.0, 0.0, 0.0, 0.0, -4.828427, -2.828427, -2.828428, -4.828428, -4.828428, -2.828428, -2.828427, -4.828427, 0.0, 0.0, 0.0, 0.0, 0.0, 0.0, 0.0, 0.0], "y": [0.0, 4.828427, 4.828427, 2.828427, 2.828428, 4.828428, 4.828428, 2.828428, 2.828427, 0.0, 0.0, 0.0, 0.0, 0.0, 0.0, 0.0, 0.0, -4.828427, -2.828427, -2.828428, -4.828428, -4.828428, -2.828428, -2.828427, -4.828427, 0.0, 0.0, 0.0, 0.0, 0.0, 0.0, 0.0, 0.0], "z": [0.0, 6.0, 6.0, 4.0, -4.0, -6.0, -6.0, -4.0, 4.0, 0.0, 0.0, 0.0, 0.0, 0.0, 0.0, 0.0, 0.0, 6.0, 4.0, -4.0, -6.0, -6.0, -4.0, 4.0, 6.0, 0.0, 0.0, 0.0, 0.0, 0.0, 0.0, 0.0, 0.0]}, "E1g-": {"2s": [0.0, -2.0, 2.0, -4.0, -4.0, 2.0, -2.0, 4.0, 4.0, 0.0, 0.0, 0.0, 0.0, 0.0, 0.0, 0.0, 0.0, 2.0, -4.0, -4.0, 2.0, -2.0, 4.0, 4.0, -2.0, 0.0, 0.0, 0.0, 0.0, 0.0, 0.0, 0.0, 0.0], "x": [0.0, -0.828427, 0.828427, -2.828427, 2.828428, -0.828428, 0.828428, -2.828428, 2.828427, 0.0, 0.0, 0.0, 0.0, 0.0, 0.0, 0.0, 0.0, 0.828427, -2.828427, 2.828428, -0.828428, 0.828428, -2.828428, 2.828427, -0.828427, 0.0, 0.0, 0.0, 0.0, 0.0, 0.0, 0.0, 0.0], "y": [0.0, -0.828427, 0.828427, -2.828427, 2.828428, -0.828428, 0.828428, -2.828428, 2.828427, 0.0, 0.0, 0.0, 0.0, 0.0, 0.0, 0.0, 0.0, 0.828427, -2.828427, 2.828428, -0.828428, 0.828428, -2.828428, 2.828427, -0.828427, 0.0, 0.0, 0.0, 0.0, 0.0, 0.0, 0.0, 0.0], "z": [0.0, -2.0, 2.0, -4.0, -4.0, 2.0, -2.0, 4.0, 4.0, 0.0, 0.0, 0.0, 0.0, 0.0, 0.0, 0.0, 0.0, -2.0, 4.0, 4.0, -2.0, 2.0, -4.0, -4.0, 2.0, 0.0, 0.0, 0.0, 0.0, 0.0, 0.0, 0.0, 0.0]}, "E2g+": {"2s": [0.0, 2.0, 2.0, -2.0, -2.0, 2.0, 2.0, -2.0, -2.0, 0.0, 0.0, 0.0, 0.0, 0.0, 0.0, 0.0, 0.0, 2.0, -2.0, -2.0, 2.0, 2.0, -2.0, -2.0, 2.0, 0.0, 0.0, 0.0, 0.0, 0.0, 0.0, 0.0, 0.0], "x": [0.0, 2.0, 2.0, -0.0, -0.0, -2.0, -2.0, -0.0, -0.0, 0.0, 0.0, 0.0, 0.0, 0.0, 0.0, 0.0, 0.0, 2.0, -0.0, -0.0, -2.0, -2.0, -0.0, -0.0, 2.0, 0.0, 0.0, 0.0, 0.0, 0.0, 0.0, 0.0, 0.0], "y": [0.0, 2.0, 2.0, -0.0, -0.0, -2.0, -2.0, -0.0, -0.0, 0.0, 0.0, 0.0, 0.0, 0.0, 0.0, 0.0, 0.0, 2.0, -0.0, -0.0, -2.0, -2.0, -0.0, -0.0, 2.0, 0.0, 0.0, 0.0, 0.0, 0.0, 0.0, 0.0, 0.0], "z": [0.0, 2.0, 2.0, -2.0, -2.0, 2.0, 2.0, -2.0, -2.0, 0.0, 0.0, 0.0, 0.0, 0.0, 0.0, 0.0, 0.0, -2.0, 2.0, 2.0, -2.0, -2.0, 2.0, 2.0, -2.0, 0.0, 0.0, 0.0, 0.0, 0.0, 0.0, 0.0, 0.0]}, "E2g-": {"2s": [0.0, 2.0, -2.0, -2.0, 2.0, 2.0, -2.0, -2.0, 2.0, 0.0, 0.0, 0.0, 0.0, 0.0, 0.0, 0.0, 0.0, 2.0, 2.0, -2.0, -2.0, 2.0, 2.0, -2.0, -2.0, 0.0, 0.0, 0.0, 0.0, 0.0, 0.0, 0.0, 0.0], "x": [0.0, 2.0, -2.0, -0.0, 0.0, -2.0, 2.0, -0.0, 0.0, 0.0, 0.0, 0.0, 0.0, 0.0, 0.0, 0.0, 0.0, 2.0, 0.0, -0.0, 2.0, -2.0, 0.0, -0.0, -2.0, 0.0, 0.0, 0.0, 0.0, 0.0, 0.0, 0.0, 0.0],