{"name": "Acetonitrile", "target_directory": "Animation_files_acetonitrile", "xyz": ["xyz_files", "acetonitrile.xyz"], "point_group": "C3v", "mirror_options": {"vertices": 32}, "resolution_x": 512, "resolution_y": 512, "samples": 60, "focal_length": 95, "camera_matrix": [[0.9943, 0.0432, -0.0977, -0.8067], [-0.1069, 0.4022, -0.9092, -7.5048], [-0.0, 0.9145, 0.4045, 3.3393], [0.0, 0.0, 0.0, 1.0]], "angles": [6.283185307179586, 2.0943951023931953, 6.283185307179586], "normals": [[], [[0.0, 0.0, 1.0], [0.0, 0.0, -1.0]], [[-0.866025, -0.500001, -2e-06], [-1e-06, 1.0, 0.0], [-0.866023, 0.500004, 1e-06]]], "SALCS": {}, "rotation_axis_options": {}}