{"name": "Phosphoruspentafluoride", "target_directory": "Animation_files_phosphoruspentafluoride", "xyz": ["xyz_files", "phosphoruspentafluoride.xyz"], "point_group": "D3h", "mirror_options": {"vertices": 32}, "rotation_axis_options": {}, "resolution_x": 512, "resolution_y": 512, "samples": 60, "camera_matrix": [[0.9428, -0.1707, 0.2863, 3.1225], [0.3333, 0.4827, -0.8099, -8.823], [0.0, 0.8589, 0.5121, 5.5715], [0.0, 0.0, 0.0, 1.0]], "angles": [6.283185307179586, 2.0943951023931953, 3.141592653589793, 6.283185307179586, 2.0943951023931953, 6.283185307179586], "normals": [[], [[0.0, 0.0, 1.0], [0.0, 0.0, -1.0]], [[0.5, -0.866025, 0.0], [0.5, 0.866025, 0.0], [-1.0, 0.0, 0.0]], [[0.0, 0.0, -1.0]], [[0.0, 0.0, 1.0], [0.0, 0.0, -1.0]], [[0.866025, -0.5, -0.0], [0.866026, 0.5, 0.0], [0.0, 1.0, 0.0]]], "SALCS": {"A'1": {"2s": [0.0, 0.0, 4.0, 4.0, 4.0, 0.0], "x": [0.0, 0.0, -2.00002, 0.999984, 1.0, 0.0], "y": [0.0, 0.0, 2.1e-05, 3.000016, -3.0, 0.0], "z": [0.0, 0.0, 0.0, 0.0, 0.0, 0.0]}, "A'2": {"2s": [0.0, 0.0, 0.0, 0.0, 0.0, 0.0], "x": [0.0, 0.0, 2.1e-05, 3.000016, -3.0, 0.0], "y": [0.0, 0.0, -2.00002, 0.999984, 1.0, 0.0], "z": [0.0, 0.0, 0.0, 0.0, 0.0, 0.0]}, "E'+": {"2s": [0.0, 0.0, 2.0, 2.0, -4.0, 0.0], "x": [0.0, 0.0, 5.0, 5.0, 1.999999, 0.0], "y": [0.0, 0.0, 5.0, 5.0, 1.999999, 0.0], "z": [0.0, 0.0, 0.0, 0.0, 0.0, 0.0]}, "E'-": {"2s": [0.0, 0.0, -6.0, 6.0, 0.0, 0.0], "x": [0.0, 0.0, -3.0, 3.0, 0.0, 0.0], "y": [0.0, 0.0, -3.0, 3.0, 0.0, 0.0], "z": [0.0, 0.0, 0.0, 0.0, 0.0, 0.0]}, "A''2": {"2s": [0.0, 0.0, 0.0, 0.0, 0.0, 0.0], "x": [0.0, 0.0, 4e-06, 4e-06, 0.0, 0.0], "y": [0.0, 0.0, -4e-06, -4e-06, 0.0, 0.0], "z": [0.0, 0.0, 4.0, 4.0, 4.0, 0.0]}, "E''+": {"2s": [0.0, 0.0, 0.0, 0.0, 0.0, 0.0], "x": [0.0, 0.0, 0.0, 0.0, 0.0, 0.0], "y": [0.0, 0.0, 0.0, 0.0, 0.0, 0.0], "z": [0.0, 0.0, 2.0, 2.0, -4.0, 0.0]}, "E''-": {"2s": [0.0, 0.0, 0.0, 0.0, 0.0, 0.0], "x": [0.0, 0.0, 0.0, 0.0, 0.0, 0.0], "y": [0.0, 0.0, 0.0, 0.0, 0.0, 0.0], "z": [0.0, 0.0, -6.0, 6.0, 0.0, 0.0]}}, "focal_length": 80.0}